frame_idx,cond_number,lambda_min,lambda_max,n_corr,eig_dx,eig_dy,eig_dz,degenerate
0,nan,nan,nan,0,nan,nan,nan,0
1,1.735582e+01,9.396137e+01,1.630777e+03,1850,0.352877,0.935141,0.031442,0
2,1.562804e+01,1.066638e+02,1.666947e+03,1915,0.586190,0.809056,0.042528,0
3,1.875269e+01,9.049680e+01,1.697058e+03,1916,-0.236619,-0.971080,-0.031858,0
4,1.516519e+01,1.110846e+02,1.684618e+03,1945,0.493248,0.868780,0.043899,0
5,1.726477e+01,1.007898e+02,1.740113e+03,1973,0.347747,0.937071,0.031146,0
6,1.706824e+01,1.001983e+02,1.710208e+03,1933,0.519322,0.853712,0.038486,0
7,1.697547e+01,1.030015e+02,1.748499e+03,1973,0.037499,0.998953,0.026191,0
8,1.859205e+01,9.343391e+01,1.737128e+03,1965,-0.225487,-0.973656,-0.033915,0
9,1.764873e+01,9.995658e+01,1.764107e+03,2003,-0.228135,-0.973077,-0.032812,0
10,1.425064e+01,1.196736e+02,1.705426e+03,1964,0.040418,0.998839,0.026228,0
11,1.694541e+01,1.030249e+02,1.745799e+03,1985,-0.125693,-0.991794,-0.023368,0
12,1.674144e+01,1.077035e+02,1.803111e+03,2030,-0.137883,-0.990174,-0.023320,0
13,1.593379e+01,1.088777e+02,1.734835e+03,1972,-0.246529,-0.968748,-0.027410,0
14,1.754411e+01,9.696006e+01,1.701078e+03,1919,-0.297711,-0.954090,-0.032868,0
15,1.611677e+01,1.018561e+02,1.641592e+03,1866,-0.308890,-0.950396,-0.036520,0
16,1.528626e+01,1.087836e+02,1.662894e+03,1913,-0.149025,-0.988403,-0.029159,0
17,1.722241e+01,9.825207e+01,1.692138e+03,1922,-0.056891,-0.998172,-0.020413,0
18,1.565847e+01,1.079950e+02,1.691038e+03,1934,-0.263056,-0.964160,-0.034603,0
19,1.779038e+01,9.592587e+01,1.706558e+03,1927,-0.298591,-0.953454,-0.042067,0
20,1.720448e+01,1.015158e+02,1.746526e+03,1980,-0.187459,-0.981922,-0.026238,0
21,1.780006e+01,9.357556e+01,1.665650e+03,1898,-0.202435,-0.978767,-0.032159,0
22,1.402669e+01,1.199565e+02,1.682594e+03,1950,0.472829,0.880047,0.044153,0
23,1.439616e+01,1.125024e+02,1.619603e+03,1878,-0.192781,0.981242,-0.000147,0
24,1.436355e+01,1.183300e+02,1.699639e+03,1969,-0.160265,0.987073,0.001290,0
25,1.821219e+01,8.705136e+01,1.585396e+03,1799,-0.039885,0.999105,0.014097,0
26,1.418211e+01,1.114508e+02,1.580607e+03,1840,-0.047910,-0.998703,-0.017237,0
27,1.443470e+01,1.097465e+02,1.584158e+03,1859,-0.122007,-0.992147,-0.027554,0
28,1.748810e+01,9.002613e+01,1.574386e+03,1816,-0.057905,-0.998083,-0.021833,0
29,1.512815e+01,1.011446e+02,1.530130e+03,1779,-0.139395,0.990237,0.000070,0
30,1.842067e+01,8.524810e+01,1.570327e+03,1800,-0.047681,0.998743,0.015434,0
31,1.523265e+01,1.016663e+02,1.548647e+03,1797,-0.131231,-0.991054,-0.024285,0
32,1.605515e+01,9.580665e+01,1.538190e+03,1781,-0.062448,0.998036,0.004969,0
33,1.845415e+01,8.662438e+01,1.598579e+03,1827,-0.131397,-0.991033,-0.024259,0
34,1.894324e+01,8.036203e+01,1.522317e+03,1743,-0.037202,0.999295,0.004961,0
35,1.748321e+01,9.148005e+01,1.599365e+03,1832,-0.003038,0.999880,0.015193,0
36,1.520458e+01,1.028712e+02,1.564113e+03,1810,-0.167442,-0.985679,-0.019997,0
37,1.781408e+01,8.864953e+01,1.579210e+03,1806,-0.094609,0.995512,-0.002336,0
38,1.576067e+01,9.873639e+01,1.556151e+03,1806,-0.106359,-0.994189,-0.016586,0
39,1.643493e+01,9.583717e+01,1.575078e+03,1811,-0.221021,0.975262,-0.003613,0
40,1.530637e+01,1.003321e+02,1.535720e+03,1778,-0.179435,-0.983541,-0.021232,0
41,1.660444e+01,9.295184e+01,1.543413e+03,1770,-0.125878,0.992046,0.000308,0
42,1.507749e+01,1.037975e+02,1.565005e+03,1814,-0.211546,-0.977053,-0.024809,0
43,1.704008e+01,9.230101e+01,1.572816e+03,1789,-0.077142,-0.996886,-0.016352,0
44,1.608121e+01,9.756012e+01,1.568885e+03,1815,-0.230290,-0.972675,-0.029482,0
45,1.677204e+01,9.628119e+01,1.614832e+03,1849,-0.242518,-0.969747,-0.027865,0
46,1.580512e+01,1.008150e+02,1.593392e+03,1822,-0.159726,-0.987015,-0.016990,0
47,1.530928e+01,1.050848e+02,1.608774e+03,1843,-0.428050,-0.902972,-0.037607,0
48,2.232364e+01,7.198406e+01,1.606947e+03,1789,-0.170956,-0.985073,-0.020126,0
49,2.052603e+01,7.747578e+01,1.590270e+03,1792,-0.348819,-0.936473,-0.036645,0
50,2.152259e+01,7.359156e+01,1.583881e+03,1784,-0.269264,-0.962588,-0.030366,0
51,2.023129e+01,7.699043e+01,1.557616e+03,1774,-0.261902,-0.964785,-0.024417,0
52,2.178487e+01,7.009237e+01,1.526953e+03,1719,-0.194601,-0.980620,-0.022685,0
53,1.987205e+01,7.655316e+01,1.521268e+03,1727,-0.288768,-0.956951,-0.029293,0
54,2.157854e+01,6.873372e+01,1.483174e+03,1679,-0.282156,-0.959024,-0.025703,0
55,2.170882e+01,6.542170e+01,1.420228e+03,1617,-0.160072,-0.986857,-0.022157,0
56,2.136315e+01,6.891060e+01,1.472147e+03,1675,-0.202166,-0.979190,-0.017756,0
57,1.878637e+01,7.714457e+01,1.449266e+03,1664,-0.224112,-0.974445,-0.015219,0
58,1.813824e+01,7.717236e+01,1.399771e+03,1601,-0.251284,-0.967657,-0.022269,0
59,1.705316e+01,7.795750e+01,1.329422e+03,1541,-0.191771,-0.981300,-0.016531,0
60,1.324573e+01,9.527212e+01,1.261948e+03,1484,-0.194095,-0.980869,-0.014955,0
61,1.399216e+01,8.975582e+01,1.255878e+03,1498,-0.257535,-0.966066,-0.019819,0
62,1.308899e+01,9.348829e+01,1.223668e+03,1464,-0.266897,-0.963625,-0.013900,0
63,1.535094e+01,7.499955e+01,1.151313e+03,1359,-0.204340,-0.978770,-0.015928,0
64,1.375120e+01,8.372687e+01,1.151345e+03,1371,-0.146952,-0.989115,-0.007473,0
65,1.354346e+01,8.090079e+01,1.095676e+03,1325,-0.071898,-0.997372,0.008875,0
66,1.314541e+01,8.341445e+01,1.096517e+03,1311,-0.150816,-0.988499,-0.011125,0
67,1.362325e+01,8.154284e+01,1.110879e+03,1330,-0.148294,-0.988898,-0.009524,0
68,1.194392e+01,9.070564e+01,1.083381e+03,1332,-0.157495,-0.987505,-0.005474,0
69,1.176556e+01,8.299235e+01,9.764516e+02,1203,-0.073432,-0.997290,0.004459,0
70,1.020114e+01,1.012006e+02,1.032361e+03,1285,-0.185280,-0.982550,-0.016315,0
71,1.131304e+01,9.175189e+01,1.037993e+03,1274,-0.317580,-0.947556,-0.035775,0
72,1.009975e+01,9.623228e+01,9.719218e+02,1214,-0.171498,-0.985149,-0.008378,0
73,8.040973e+00,1.143041e+02,9.191162e+02,1180,-0.164089,-0.986443,-0.002100,0
74,1.137851e+01,8.329165e+01,9.477347e+02,1189,-0.145524,-0.989355,0.000246,0
75,1.040444e+01,9.654722e+01,1.004519e+03,1251,0.022480,-0.999538,0.020465,0
76,1.053687e+01,8.683873e+01,9.150083e+02,1142,-0.086074,-0.996286,0.002181,0
77,8.963481e+00,1.036263e+02,9.288527e+02,1180,-0.170250,-0.985241,-0.017770,0
78,1.035693e+01,9.561358e+01,9.902634e+02,1245,-0.182869,-0.983020,-0.015211,0
79,9.572208e+00,1.033872e+02,9.896442e+02,1247,-0.046064,-0.998937,0.001877,0
80,9.299725e+00,1.037390e+02,9.647442e+02,1252,-0.158420,-0.987090,-0.023606,0
81,9.305324e+00,1.061329e+02,9.876006e+02,1263,-0.242544,-0.970031,-0.014604,0
82,1.008858e+01,9.590284e+01,9.675236e+02,1229,-0.373172,-0.926693,-0.044519,0
83,1.014792e+01,9.875284e+01,1.002136e+03,1258,-0.202417,-0.979145,-0.017381,0
84,1.083781e+01,9.714631e+01,1.052853e+03,1321,-0.034630,-0.999395,-0.003176,0
85,1.169009e+01,8.743258e+01,1.022095e+03,1270,-0.045685,-0.998930,0.007150,0
86,1.021243e+01,9.661561e+01,9.866798e+02,1250,-0.170227,-0.985356,-0.009842,0
87,1.098133e+01,9.499020e+01,1.043119e+03,1312,-0.033672,0.999368,-0.011351,0
88,1.052197e+01,1.003488e+02,1.055867e+03,1329,-0.208431,-0.977930,-0.014453,0
89,1.027392e+01,1.002219e+02,1.029671e+03,1297,-0.314419,-0.948825,-0.029529,0
90,1.073897e+01,9.533510e+01,1.023801e+03,1270,-0.226462,-0.973852,-0.018118,0
91,1.044579e+01,9.417707e+01,9.837542e+02,1229,-0.224017,-0.974246,-0.025720,0
92,9.911963e+00,1.026963e+02,1.017922e+03,1300,-0.175958,-0.984322,-0.012189,0
93,1.107423e+01,9.371542e+01,1.037826e+03,1325,-0.188424,-0.981989,-0.013947,0
94,1.149847e+01,8.816417e+01,1.013753e+03,1289,-0.275897,-0.960577,-0.034245,0
95,9.620615e+00,1.097012e+02,1.055393e+03,1344,-0.193577,-0.980984,-0.014088,0
96,1.038304e+01,9.429062e+01,9.790236e+02,1241,-0.171966,-0.984884,-0.020773,0
97,9.875675e+00,1.077469e+02,1.064074e+03,1350,-0.270312,-0.962619,-0.017208,0
98,1.031604e+01,1.035606e+02,1.068335e+03,1386,0.234274,0.972012,0.017540,0
99,1.022320e+01,1.071723e+02,1.095643e+03,1407,0.251077,0.967819,0.016941,0
100,1.042979e+01,1.049278e+02,1.094374e+03,1429,0.265662,0.964030,0.008330,0
101,1.061936e+01,1.073912e+02,1.140426e+03,1462,0.265814,0.963801,0.020764,0
102,1.025252e+01,1.087524e+02,1.114986e+03,1456,0.270421,0.962448,0.023789,0
103,1.040738e+01,1.133145e+02,1.179307e+03,1554,0.226426,0.973769,0.022479,0
104,1.177952e+01,9.632631e+01,1.134678e+03,1488,0.226773,0.973878,0.011604,0
105,1.025772e+01,1.084392e+02,1.112339e+03,1481,0.283768,0.958683,0.020082,0
106,1.405024e+01,8.264397e+01,1.161167e+03,1537,0.251855,0.967643,0.015368,0
107,1.413682e+01,8.080421e+01,1.142314e+03,1450,0.258913,0.965648,0.022096,0
108,1.456852e+01,8.256959e+01,1.202917e+03,1490,0.275171,0.961269,0.015585,0
109,1.460203e+01,7.698436e+01,1.124128e+03,1434,0.283622,0.958856,0.012365,0
110,1.332964e+01,8.938063e+01,1.191411e+03,1581,0.292369,0.956162,0.016572,0
111,1.227297e+01,9.705301e+01,1.191129e+03,1600,0.266004,0.963892,0.012424,0
112,1.376451e+01,7.962770e+01,1.096036e+03,1370,0.263246,0.964626,0.014060,0
113,1.472930e+01,8.010181e+01,1.179844e+03,1458,0.286702,0.957793,0.020853,0
114,1.266739e+01,9.080005e+01,1.150200e+03,1512,0.268261,0.963257,0.013078,0
115,1.058411e+01,1.094896e+02,1.158849e+03,1525,0.283555,0.958779,0.018439,0
116,1.201300e+01,9.603355e+01,1.153651e+03,1484,0.270459,0.962523,0.020024,0
117,9.186969e+00,1.137732e+02,1.045231e+03,1401,0.197651,0.980139,0.016179,0
118,1.115504e+01,9.978278e+01,1.113081e+03,1418,0.220933,0.975129,0.017647,0
119,1.099230e+01,9.885820e+01,1.086679e+03,1395,0.270532,0.962288,0.028535,0
120,9.203785e+00,1.188120e+02,1.093520e+03,1428,0.294220,0.955493,0.021639,0
121,9.927460e+00,1.107129e+02,1.099098e+03,1425,0.289637,0.957032,0.014149,0
122,9.203585e+00,1.108411e+02,1.020136e+03,1339,-0.209812,-0.977627,-0.014947,0
123,9.593097e+00,1.059737e+02,1.016616e+03,1318,0.296900,0.954561,0.025771,0
124,1.158253e+01,8.953251e+01,1.037013e+03,1301,0.333668,0.942521,0.017867,0
125,9.108663e+00,1.130306e+02,1.029558e+03,1306,-0.280023,-0.959838,-0.017256,0
126,9.510854e+00,1.076102e+02,1.023465e+03,1299,-0.346580,-0.937559,-0.029430,0
127,9.125936e+00,1.095064e+02,9.993488e+02,1296,-0.183726,-0.982973,-0.003146,0
128,1.020625e+01,9.925609e+01,1.013033e+03,1283,-0.182740,-0.983154,0.003856,0
129,1.169161e+01,9.119813e+01,1.066253e+03,1319,-0.397409,-0.917115,-0.031077,0
130,1.041651e+01,9.656191e+01,1.005838e+03,1252,-0.363216,-0.931383,-0.024473,0
131,1.186480e+01,8.690575e+01,1.031120e+03,1266,-0.401947,-0.915081,-0.032642,0
132,9.212411e+00,1.141093e+02,1.051222e+03,1337,-0.373066,-0.927497,-0.023904,0
133,1.047948e+01,1.024092e+02,1.073195e+03,1345,-0.310208,-0.950549,-0.015086,0
134,1.038005e+01,1.051028e+02,1.090973e+03,1366,-0.278956,-0.960193,-0.014601,0
135,1.174821e+01,8.888888e+01,1.044285e+03,1284,-0.427298,-0.903443,-0.034744,0
136,1.032363e+01,1.044675e+02,1.078485e+03,1328,-0.447573,-0.893975,-0.022068,0
137,1.002460e+01,1.058301e+02,1.060905e+03,1336,-0.397808,-0.917187,-0.022729,0
138,8.787112e+00,1.199515e+02,1.054027e+03,1354,-0.362907,-0.931761,-0.010975,0
139,9.481180e+00,1.174601e+02,1.113660e+03,1405,-0.447048,-0.894426,-0.012264,0
140,1.329567e+01,8.293572e+01,1.102686e+03,1368,0.475002,0.879544,0.027863,0
141,9.504148e+00,1.166516e+02,1.108674e+03,1404,0.522000,0.852420,0.029948,0
142,9.586389e+00,1.059772e+02,1.015939e+03,1299,0.525174,0.850409,0.031578,0
143,1.105701e+01,9.439348e+01,1.043710e+03,1303,0.525562,0.850352,0.026185,0
144,9.398461e+00,1.111791e+02,1.044912e+03,1342,0.546165,0.837047,0.032482,0
145,9.655792e+00,1.079190e+02,1.042043e+03,1322,0.691732,0.719013,0.067284,0
146,7.414095e+00,1.393442e+02,1.033111e+03,1359,0.723608,0.686937,0.067153,0
147,7.648757e+00,1.248328e+02,9.548155e+02,1232,-0.563936,-0.824823,-0.040536,0
148,7.933561e+00,1.283330e+02,1.018138e+03,1313,0.736601,0.672098,0.075515,0
149,6.796406e+00,1.461925e+02,9.935836e+02,1305,0.808274,0.582067,0.088835,0
150,7.433644e+00,1.330249e+02,9.888598e+02,1298,0.723584,0.686384,0.072820,0
151,7.858545e+00,1.244541e+02,9.780278e+02,1259,0.749181,0.658890,0.067761,0
152,6.876318e+00,1.405993e+02,9.668054e+02,1271,0.747407,0.660869,0.068082,0
153,8.107744e+00,1.222043e+02,9.908008e+02,1274,0.808157,0.584177,0.074956,0
154,8.280562e+00,1.242209e+02,1.028619e+03,1319,0.855188,0.511496,0.083818,0
155,7.920104e+00,1.263141e+02,1.000421e+03,1288,0.913926,0.391760,0.106128,0
156,8.913956e+00,1.215118e+02,1.083150e+03,1345,-0.672832,-0.737560,-0.057468,0
157,7.622443e+00,1.342566e+02,1.023364e+03,1326,0.891655,0.438652,0.111961,0
158,7.678406e+00,1.305624e+02,1.002511e+03,1288,0.812324,0.577071,0.084377,0
159,8.486459e+00,1.246689e+02,1.057998e+03,1334,0.713878,0.697670,0.060288,0
160,9.733194e+00,1.088931e+02,1.059878e+03,1320,-0.503795,-0.863617,-0.018858,0
161,9.013871e+00,1.202701e+02,1.084100e+03,1358,0.774918,0.630414,0.045614,0
162,9.225615e+00,1.257464e+02,1.160088e+03,1456,0.641980,0.766194,0.028425,0
163,9.495511e+00,1.225285e+02,1.163471e+03,1448,0.768674,0.637885,0.047370,0
164,1.032630e+01,1.132662e+02,1.169621e+03,1440,0.601708,0.798417,0.021869,0
165,1.115834e+01,1.106728e+02,1.234925e+03,1500,0.759538,0.648946,0.044400,0
166,1.137897e+01,1.012462e+02,1.152077e+03,1406,0.438562,0.898701,0.000906,0
167,9.243305e+00,1.252411e+02,1.157641e+03,1423,-0.381693,-0.924289,0.000014,0
168,1.156940e+01,1.076808e+02,1.245802e+03,1485,-0.437478,-0.899148,-0.012100,0
169,9.986506e+00,1.204737e+02,1.203112e+03,1471,0.703070,0.710093,0.038206,0
170,1.147388e+01,1.065280e+02,1.222290e+03,1459,-0.618826,-0.784944,-0.030285,0
171,1.198554e+01,1.037677e+02,1.243712e+03,1483,-0.664730,-0.746393,-0.032132,0
172,1.146842e+01,1.075196e+02,1.233080e+03,1475,-0.648076,-0.761064,-0.027901,0
173,1.091526e+01,1.058581e+02,1.155469e+03,1402,0.705071,0.708261,0.035216,0
174,1.021355e+01,1.179872e+02,1.205068e+03,1460,0.825289,0.561767,0.057585,0
175,1.113677e+01,1.069196e+02,1.190739e+03,1462,0.754454,0.655157,0.039606,0
176,1.102169e+01,1.122278e+02,1.236940e+03,1500,-0.532893,-0.846140,-0.008509,0
177,1.145762e+01,1.060298e+02,1.214849e+03,1483,0.614446,0.788400,0.029679,0
178,1.181914e+01,1.023927e+02,1.210193e+03,1473,0.648069,0.761244,0.022689,0
179,1.347674e+01,9.072495e+01,1.222677e+03,1463,-0.687168,-0.725863,-0.030400,0
180,1.241923e+01,9.771596e+01,1.213557e+03,1469,0.556871,0.830414,0.017519,0
181,1.198936e+01,9.948757e+01,1.192792e+03,1441,0.615807,0.787620,0.020883,0
182,1.222807e+01,1.012425e+02,1.238000e+03,1492,0.582277,0.812721,0.020936,0
183,1.239461e+01,9.732502e+01,1.206306e+03,1485,0.570596,0.821177,0.009387,0
184,1.277531e+01,9.463337e+01,1.208970e+03,1461,-0.687338,-0.725506,-0.034764,0
185,1.055741e+01,1.055331e+02,1.114155e+03,1393,0.607627,0.794142,0.011295,0
186,1.004354e+01,1.145733e+02,1.150721e+03,1463,0.594596,0.803821,0.018118,0
187,1.118687e+01,1.027186e+02,1.149100e+03,1445,0.578552,0.815418,0.019276,0
188,1.086219e+01,1.050034e+02,1.140567e+03,1446,0.609319,0.792637,0.021355,0
189,1.026182e+01,1.120561e+02,1.149899e+03,1459,0.705923,0.707091,0.041179,0
190,1.164288e+01,9.943044e+01,1.157657e+03,1448,0.616641,0.786915,0.022769,0
191,1.198737e+01,9.907112e+01,1.187602e+03,1487,0.624402,0.780728,0.024199,0
192,1.603718e+01,7.394974e+01,1.185945e+03,1464,0.577174,0.816495,0.014363,0
193,1.228951e+01,8.924976e+01,1.096835e+03,1368,0.611724,0.790371,0.033270,0
194,1.064490e+01,1.045664e+02,1.113099e+03,1410,0.581509,0.813404,0.014863,0
195,1.273378e+01,8.602360e+01,1.095405e+03,1375,0.607941,0.793123,0.036939,0
196,1.204843e+01,8.472991e+01,1.020862e+03,1308,0.626938,0.777977,0.041231,0
197,1.227608e+01,9.107124e+01,1.117998e+03,1414,-0.661698,-0.748049,-0.050776,0
198,1.268202e+01,8.348437e+01,1.058751e+03,1343,0.594545,0.803718,0.023542,0
199,1.192231e+01,8.728616e+01,1.040652e+03,1343,0.610475,0.791050,0.039510,0
200,1.241838e+01,8.575540e+01,1.064943e+03,1353,0.609708,0.791943,0.032902,0
201,1.307512e+01,8.085693e+01,1.057214e+03,1331,-0.650481,-0.757847,-0.050416,0
202,1.352800e+01,7.643606e+01,1.034027e+03,1315,0.585605,0.809733,0.037415,0
203,1.712542e+01,5.833039e+01,9.989322e+02,1243,-0.635917,-0.770023,-0.051702,0
204,1.336694e+01,7.585807e+01,1.013990e+03,1301,0.600173,0.799011,0.037058,0
205,1.715881e+01,6.133964e+01,1.052515e+03,1322,0.617194,0.785840,0.039067,0
206,1.437249e+01,7.019273e+01,1.008845e+03,1271,0.588919,0.807411,0.035523,0
207,1.464625e+01,6.852990e+01,1.003706e+03,1245,0.533903,0.845107,0.027217,0
208,1.153080e+01,8.466776e+01,9.762868e+02,1271,-0.645771,-0.761443,-0.056430,0
209,1.442363e+01,6.614036e+01,9.539840e+02,1220,0.627940,0.776774,0.048097,0
210,1.358329e+01,6.810451e+01,9.250837e+02,1173,0.591562,0.805662,0.031036,0
211,1.071869e+01,8.563199e+01,9.178631e+02,1207,0.595891,0.801905,0.043155,0
212,1.382297e+01,6.546110e+01,9.048667e+02,1172,0.568771,0.821864,0.032244,0
213,1.366657e+01,6.746530e+01,9.220196e+02,1186,0.564985,0.823778,0.046715,0
214,1.148644e+01,7.769070e+01,8.923892e+02,1197,0.618206,0.784292,0.052026,0
215,1.092900e+01,8.166611e+01,8.925291e+02,1196,0.580794,0.812786,0.045356,0
216,1.366045e+01,7.065784e+01,9.652175e+02,1251,0.597756,0.799569,0.058115,0
217,1.135588e+01,8.393516e+01,9.531575e+02,1270,0.537383,0.842572,0.035947,0
218,9.479354e+00,9.175314e+01,8.697605e+02,1200,0.589081,0.806461,0.051035,0
219,1.082974e+01,7.900561e+01,8.556102e+02,1150,0.606292,0.792541,0.065490,0
220,1.053543e+01,7.953166e+01,8.379006e+02,1142,0.594329,0.802681,0.049760,0
221,1.087357e+01,7.782357e+01,8.462203e+02,1131,0.591818,0.804619,0.048375,0
222,9.716961e+00,8.616061e+01,8.372193e+02,1147,-0.642941,-0.764439,-0.047535,0
223,1.028833e+01,7.521512e+01,7.738383e+02,1062,0.584740,0.809326,0.055410,0
224,9.748817e+00,8.491746e+01,8.278448e+02,1143,0.590439,0.804204,0.068107,0
225,9.659226e+00,7.955453e+01,7.684351e+02,1089,0.613485,0.787814,0.054636,0
226,7.451678e+00,9.674591e+01,7.209193e+02,1062,0.681111,0.730210,0.053686,0
227,8.837872e+00,8.500429e+01,7.512571e+02,1056,0.600340,0.798711,0.040652,0
228,6.134683e+00,1.151492e+02,7.064039e+02,1067,0.566119,0.822393,0.056378,0
229,6.866816e+00,9.799564e+01,6.729180e+02,1022,0.684499,0.725931,0.066976,0
230,6.514492e+00,1.075841e+02,7.008560e+02,1038,0.678472,0.732061,0.061340,0
231,6.707416e+00,1.009933e+02,6.774037e+02,1021,0.615302,0.787201,0.041440,0
232,6.134585e+00,1.156913e+02,7.097183e+02,1093,0.641167,0.766090,0.044844,0
233,6.339790e+00,1.125863e+02,7.137737e+02,1104,0.669800,0.740525,0.054678,0
234,7.229605e+00,1.019770e+02,7.372536e+02,1095,0.659326,0.749672,0.057278,0
235,6.621172e+00,1.041302e+02,6.894642e+02,1051,0.660977,0.746639,0.075097,0
236,6.457336e+00,1.080134e+02,6.974787e+02,1054,0.710185,0.700677,0.068468,0
237,6.252831e+00,1.167713e+02,7.301510e+02,1089,0.718042,0.693642,0.057235,0
238,5.763259e+00,1.191438e+02,6.866568e+02,1070,0.688700,0.722314,0.062881,0
239,6.182333e+00,1.170806e+02,7.238315e+02,1110,0.721764,0.688398,0.071874,0
240,6.666654e+00,1.099157e+02,7.327702e+02,1108,0.747782,0.659183,0.079366,0
241,6.332827e+00,1.234929e+02,7.820594e+02,1158,0.722088,0.688635,0.066115,0
242,7.210598e+00,1.081217e+02,7.796219e+02,1155,0.756072,0.651491,0.062561,0
243,5.942385e+00,1.178382e+02,7.002402e+02,1087,0.722823,0.688249,0.061969,0
244,6.696505e+00,1.123661e+02,7.524600e+02,1129,0.685489,0.724643,0.070698,0
245,7.211394e+00,1.018514e+02,7.344904e+02,1056,-0.632362,-0.772041,-0.063807,0
246,7.518875e+00,1.070583e+02,8.049579e+02,1118,0.635390,0.766500,0.093578,0
247,7.113485e+00,1.083887e+02,7.710211e+02,1127,0.730977,0.673929,0.107205,0
248,7.939554e+00,1.069009e+02,8.487453e+02,1222,0.770785,0.629086,0.100703,0
249,6.506327e+00,1.208278e+02,7.861455e+02,1185,0.794017,0.599192,0.102497,0
250,7.101235e+00,1.160800e+02,8.243111e+02,1205,0.744449,0.660684,0.096399,0
251,9.805157e+00,9.101540e+01,8.924203e+02,1173,0.699540,0.711024,0.071337,0
252,7.371612e+00,1.186682e+02,8.747762e+02,1199,0.774106,0.624796,0.101934,0
253,7.697791e+00,1.120702e+02,8.626927e+02,1233,0.772182,0.625193,0.113439,0
254,8.841618e+00,1.047527e+02,9.261836e+02,1296,0.726845,0.678878,0.104024,0
255,7.915536e+00,1.200467e+02,9.502336e+02,1318,0.824276,0.558521,0.092863,0
256,7.513058e+00,1.277707e+02,9.599489e+02,1364,0.835652,0.539619,0.102458,0
257,9.849576e+00,1.059342e+02,1.043407e+03,1406,0.719503,0.687850,0.095805,0
258,9.871796e+00,1.093761e+02,1.079739e+03,1437,0.674478,0.731260,0.101678,0
259,8.802065e+00,1.156354e+02,1.017830e+03,1358,0.554465,0.829298,0.069518,0
260,1.335639e+01,8.467427e+01,1.130943e+03,1405,0.486584,0.870841,0.069796,0
261,1.624299e+01,7.026217e+01,1.141267e+03,1392,0.613451,0.786932,0.066458,0
262,1.192650e+01,8.948713e+01,1.067269e+03,1354,0.586793,0.807405,0.061416,0
263,1.240101e+01,8.281986e+01,1.027050e+03,1309,0.513422,0.856370,0.055040,0
264,1.264535e+01,8.444771e+01,1.067871e+03,1349,0.417104,0.908015,0.039151,0
265,1.073816e+01,1.019724e+02,1.094996e+03,1390,0.436193,0.899247,0.033032,0
266,1.474585e+01,7.022063e+01,1.035463e+03,1303,0.464766,0.884188,0.046944,0
267,1.187344e+01,9.245044e+01,1.097705e+03,1385,0.437697,0.897552,0.053114,0
268,1.418958e+01,7.870115e+01,1.116736e+03,1405,0.528388,0.847516,0.050230,0
269,1.453956e+01,7.730980e+01,1.124050e+03,1423,0.536342,0.842467,0.050849,0
270,1.305014e+01,8.343805e+01,1.088878e+03,1361,0.586954,0.808106,0.049504,0
271,1.296783e+01,8.418314e+01,1.091672e+03,1381,0.481218,0.874518,0.060397,0
272,1.637845e+01,6.764582e+01,1.107934e+03,1375,0.593734,0.802940,0.052599,0
273,1.104651e+01,9.998731e+01,1.104511e+03,1421,0.525453,0.848504,0.062774,0
274,1.578023e+01,6.946714e+01,1.096208e+03,1373,0.574845,0.815026,0.072703,0
275,1.447064e+01,7.594935e+01,1.099036e+03,1395,0.606590,0.791920,0.070080,0
276,1.380467e+01,7.840642e+01,1.082375e+03,1396,0.602619,0.795614,0.062044,0
277,1.205278e+01,9.292563e+01,1.120013e+03,1464,0.557752,0.827373,0.066081,0
278,1.878236e+01,5.785686e+01,1.086689e+03,1374,0.588738,0.805376,0.068974,0
279,1.818078e+01,5.957799e+01,1.083174e+03,1371,0.595720,0.799704,0.074770,0
280,1.265253e+01,8.462972e+01,1.070780e+03,1401,-0.657149,-0.749383,-0.081115,0
281,1.324357e+01,8.648868e+01,1.145419e+03,1464,0.612535,0.786433,0.079518,0
282,1.631318e+01,6.797532e+01,1.108894e+03,1407,-0.641901,-0.762594,-0.080091,0
283,1.513438e+01,7.258444e+01,1.098520e+03,1424,0.660683,0.745584,0.087191,0
284,1.409584e+01,7.866509e+01,1.108850e+03,1431,0.690629,0.717878,0.087646,0
285,1.434893e+01,7.899044e+01,1.133429e+03,1429,-0.662050,-0.745166,-0.080114,0
286,1.463897e+01,7.309226e+01,1.069995e+03,1359,-0.651836,-0.753322,-0.087270,0
287,1.555366e+01,7.541388e+01,1.172962e+03,1444,-0.670922,-0.736481,-0.086368,0
288,1.186609e+01,8.939968e+01,1.060825e+03,1370,0.608155,0.788836,0.088803,0
289,1.529262e+01,7.013134e+01,1.072492e+03,1347,-0.654658,-0.750243,-0.092514,0
290,1.159351e+01,9.356899e+01,1.084793e+03,1418,-0.657339,-0.749049,-0.082649,0
291,1.377617e+01,8.025649e+01,1.105627e+03,1416,0.585675,0.806914,0.076648,0
292,1.079796e+01,1.005770e+02,1.086026e+03,1395,0.550363,0.831897,0.071048,0
293,1.176979e+01,9.463077e+01,1.113785e+03,1410,0.633341,0.769527,0.081898,0
294,1.419993e+01,7.740132e+01,1.099093e+03,1370,0.599159,0.796142,0.084657,0
295,1.320663e+01,9.352579e+01,1.235160e+03,1554,0.591496,0.801920,0.084010,0
296,1.160746e+01,1.003467e+02,1.164771e+03,1451,0.562560,0.823948,0.068088,0
297,1.122661e+01,1.025234e+02,1.150990e+03,1473,0.574048,0.814775,0.081304,0
298,1.237052e+01,9.164321e+01,1.133674e+03,1427,0.654604,0.750421,0.091445,0
299,1.306933e+01,9.181392e+01,1.199946e+03,1492,0.552966,0.827997,0.093005,0
300,1.276141e+01,9.151844e+01,1.167904e+03,1462,0.584262,0.806709,0.088646,0
301,1.195131e+01,1.017219e+02,1.215710e+03,1518,0.589066,0.802550,0.094424,0
302,1.404060e+01,8.707511e+01,1.222587e+03,1491,0.614204,0.784225,0.088008,0
303,1.185377e+01,1.016225e+02,1.204609e+03,1481,0.619799,0.779408,0.091504,0
304,1.244971e+01,9.328566e+01,1.161379e+03,1448,0.498056,0.864227,0.071074,0
305,1.198906e+01,1.012479e+02,1.213868e+03,1527,0.575765,0.813889,0.077970,0
306,1.203561e+01,1.044737e+02,1.257406e+03,1568,0.491822,0.868433,0.062737,0
307,9.743795e+00,1.239901e+02,1.208134e+03,1536,0.440889,0.896321,0.047165,0
308,1.278690e+01,9.628800e+01,1.231225e+03,1523,0.430347,0.901113,0.052880,0
309,1.038366e+01,1.129120e+02,1.172440e+03,1482,0.424663,0.903964,0.050105,0
310,1.195141e+01,9.636637e+01,1.151714e+03,1462,0.390918,0.919359,0.044307,0
311,1.515884e+01,8.308932e+01,1.259538e+03,1546,0.397775,0.916169,0.049091,0
312,1.477172e+01,8.556144e+01,1.263890e+03,1566,0.481595,0.874349,0.059830,0
313,1.619300e+01,8.066673e+01,1.306236e+03,1591,0.451588,0.890955,0.047620,0
314,1.435604e+01,9.079787e+01,1.303497e+03,1617,0.471127,0.880272,0.056216,0
315,1.455298e+01,9.109067e+01,1.325640e+03,1635,0.427326,0.902369,0.055881,0
316,1.627401e+01,7.782468e+01,1.266520e+03,1537,0.449061,0.891667,0.057226,0
317,1.316716e+01,9.086733e+01,1.196465e+03,1512,0.440609,0.895908,0.056683,0
318,1.171208e+01,9.856224e+01,1.154369e+03,1486,0.426482,0.902719,0.056673,0
319,1.276212e+01,9.402814e+01,1.199998e+03,1541,0.472290,0.879105,0.064158,0
320,1.156998e+01,9.920078e+01,1.147751e+03,1473,0.410111,0.910919,0.045117,0
321,1.166777e+01,9.725045e+01,1.134696e+03,1490,0.519863,0.851956,0.062559,0
322,1.165574e+01,9.917058e+01,1.155906e+03,1514,0.460392,0.885473,0.063067,0
323,1.485411e+01,7.356647e+01,1.092765e+03,1417,0.483343,0.873654,0.055741,0
324,1.442621e+01,7.721125e+01,1.113866e+03,1434,0.558181,0.826340,0.074805,0
325,1.052817e+01,1.046636e+02,1.101916e+03,1452,0.461865,0.884062,0.071520,0
326,1.498283e+01,7.304851e+01,1.094473e+03,1418,0.546389,0.833971,0.077149,0
327,1.410672e+01,7.674846e+01,1.082669e+03,1434,0.562057,0.822911,0.083127,0
328,1.471572e+01,7.250768e+01,1.067003e+03,1383,0.558886,0.826249,0.070423,0
329,9.744166e+00,1.054457e+02,1.027480e+03,1395,0.456669,0.887671,0.059096,0
330,9.321889e+00,1.055770e+02,9.841771e+02,1366,0.518556,0.852485,0.066097,0
331,7.868851e+00,1.251809e+02,9.850299e+02,1399,0.405669,0.911618,0.066221,0
332,8.249621e+00,1.188111e+02,9.801461e+02,1406,0.507281,0.859568,0.061719,0
333,8.421688e+00,1.121558e+02,9.445412e+02,1369,0.548807,0.831517,0.085963,0
334,7.850660e+00,1.212258e+02,9.517028e+02,1382,-0.574872,-0.813905,-0.084151,0
335,7.402275e+00,1.285947e+02,9.518931e+02,1373,0.579936,0.809836,0.088546,0
336,7.787329e+00,1.219744e+02,9.498548e+02,1326,0.609593,0.788015,0.086191,0
337,8.671401e+00,1.094700e+02,9.492584e+02,1343,-0.624742,-0.775215,-0.093489,0
338,8.584533e+00,1.122111e+02,9.632800e+02,1354,-0.611576,-0.785441,-0.095173,0
339,7.708216e+00,1.169711e+02,9.016384e+02,1318,0.647457,0.754941,0.104230,0
340,6.783404e+00,1.282379e+02,8.698897e+02,1313,0.579720,0.810106,0.087481,0
341,7.079054e+00,1.276563e+02,9.036861e+02,1360,0.511012,0.857281,0.062729,0
342,6.720356e+00,1.282102e+02,8.616185e+02,1374,0.657243,0.747810,0.093871,0
343,6.802467e+00,1.264736e+02,8.603328e+02,1312,0.621768,0.778297,0.087513,0
344,6.383190e+00,1.366586e+02,8.723178e+02,1357,0.622569,0.779421,0.070072,0
345,5.574660e+00,1.560881e+02,8.701380e+02,1375,0.643451,0.760753,0.085006,0
346,6.612721e+00,1.269748e+02,8.396490e+02,1300,0.683351,0.724038,0.093810,0
347,6.117499e+00,1.421624e+02,8.696784e+02,1348,0.632797,0.769755,0.083936,0
348,5.971853e+00,1.460228e+02,8.720269e+02,1336,0.648455,0.755882,0.090273,0
349,6.807483e+00,1.369545e+02,9.323154e+02,1394,0.635029,0.766694,0.094434,0
350,6.265352e+00,1.414964e+02,8.865250e+02,1385,0.660134,0.746124,0.086726,0
351,6.237295e+00,1.423294e+02,8.877505e+02,1351,0.658435,0.747537,0.087475,0
352,6.803885e+00,1.312929e+02,8.933019e+02,1369,0.695825,0.711530,0.097737,0
353,6.343681e+00,1.387184e+02,8.799856e+02,1363,0.653724,0.752858,0.076482,0
354,6.142397e+00,1.345376e+02,8.263833e+02,1288,0.671012,0.736699,0.083768,0
355,6.187714e+00,1.409335e+02,8.720562e+02,1347,0.625832,0.776791,0.070221,0
356,5.904144e+00,1.443957e+02,8.525329e+02,1317,0.622658,0.778405,0.079889,0
357,5.828825e+00,1.500177e+02,8.744272e+02,1367,0.589519,0.804310,0.074520,0
358,6.624075e+00,1.326744e+02,8.788453e+02,1299,0.607894,0.789015,0.088997,0
359,7.127663e+00,1.325775e+02,9.449679e+02,1370,-0.600956,-0.794356,-0.088603,0
360,7.451050e+00,1.270287e+02,9.464974e+02,1373,-0.573739,-0.814797,-0.083241,0
361,7.309003e+00,1.286427e+02,9.402497e+02,1356,0.542004,0.835708,0.088450,0
362,7.885828e+00,1.283627e+02,1.012246e+03,1429,0.547537,0.831467,0.094156,0
363,7.258538e+00,1.289381e+02,9.359019e+02,1374,0.596102,0.798289,0.086007,0
364,7.502666e+00,1.249302e+02,9.373095e+02,1344,0.557924,0.824030,0.098463,0
365,6.897450e+00,1.374744e+02,9.482228e+02,1353,0.592241,0.799794,0.097877,0
366,7.090996e+00,1.351694e+02,9.584854e+02,1391,0.596092,0.796937,0.097806,0
367,6.401819e+00,1.487913e+02,9.525347e+02,1384,0.453371,0.887263,0.084966,0
368,6.398198e+00,1.426947e+02,9.129887e+02,1331,0.492152,0.866481,0.083646,0
369,6.907146e+00,1.330612e+02,9.190732e+02,1319,0.540798,0.835174,0.100107,0
370,6.537395e+00,1.331961e+02,8.707554e+02,1270,0.493111,0.863905,0.102517,0
371,7.432943e+00,1.267303e+02,9.419790e+02,1351,0.504805,0.858578,0.089525,0
372,7.014969e+00,1.252059e+02,8.783153e+02,1290,0.632088,0.768550,0.098970,0
373,6.434937e+00,1.364633e+02,8.781325e+02,1288,0.511829,0.853370,0.098950,0
374,7.332635e+00,1.236635e+02,9.067795e+02,1300,-0.586597,-0.802672,-0.107800,0
375,6.233860e+00,1.356002e+02,8.453126e+02,1274,0.578528,0.808365,0.108867,0
376,5.871940e+00,1.458294e+02,8.563015e+02,1284,0.650875,0.753351,0.093942,0
377,6.041720e+00,1.439926e+02,8.699627e+02,1285,0.544851,0.834715,0.079927,0
378,7.112148e+00,1.286262e+02,9.148085e+02,1317,0.626326,0.772702,0.103189,0
379,6.576498e+00,1.368013e+02,8.996738e+02,1293,0.616093,0.780426,0.106605,0
380,7.688860e+00,1.192360e+02,9.167888e+02,1342,0.658859,0.744235,0.109634,0
381,7.436243e+00,1.191114e+02,8.857416e+02,1290,0.687741,0.719364,0.097613,0
382,8.519627e+00,1.087668e+02,9.266528e+02,1312,0.673104,0.730240,0.116964,0
383,8.198188e+00,1.171467e+02,9.603908e+02,1319,-0.638101,-0.762438,-0.107309,0
384,8.106363e+00,1.116350e+02,9.049540e+02,1279,0.679013,0.721606,0.135004,0
385,8.309073e+00,1.032542e+02,8.579466e+02,1230,0.703634,0.699775,0.123349,0
386,9.032105e+00,9.893203e+01,8.935644e+02,1228,0.671236,0.730547,0.125473,0
387,9.118912e+00,9.976023e+01,9.097048e+02,1249,0.665739,0.731806,0.145777,0
388,9.351628e+00,9.481340e+01,8.866597e+02,1200,0.702556,0.699030,0.133311,0
389,8.595116e+00,1.069674e+02,9.193976e+02,1267,0.736885,0.663235,0.130840,0
390,8.398806e+00,1.114740e+02,9.362484e+02,1290,0.723583,0.676808,0.135496,0
391,8.622917e+00,1.043256e+02,8.995912e+02,1240,0.702904,0.699568,0.128574,0
392,8.147925e+00,1.114681e+02,9.082340e+02,1275,0.728019,0.670300,0.143828,0
393,9.011493e+00,1.025954e+02,9.245377e+02,1275,0.701415,0.699268,0.137991,0
394,8.867467e+00,1.043327e+02,9.251668e+02,1261,0.717156,0.684736,0.129707,0
395,9.679602e+00,9.902457e+01,9.585185e+02,1289,0.746987,0.650916,0.135345,0
396,1.089505e+01,9.190519e+01,1.001312e+03,1309,0.777500,0.612262,0.143628,0
397,8.030540e+00,1.260651e+02,1.012371e+03,1362,0.798103,0.587597,0.133273,0
398,6.888279e+00,1.387761e+02,9.559287e+02,1332,0.829426,0.545826,0.118854,0
399,7.307777e+00,1.277076e+02,9.332589e+02,1265,0.783632,0.605088,0.140676,0
400,7.481446e+00,1.343058e+02,1.004801e+03,1363,0.817613,0.558459,0.140119,0
401,7.770089e+00,1.222252e+02,9.497011e+02,1270,0.749319,0.648462,0.134227,0
402,7.359801e+00,1.297102e+02,9.546409e+02,1282,0.783718,0.607071,0.131346,0
403,7.312494e+00,1.324014e+02,9.681847e+02,1293,0.813677,0.567112,0.127729,0
404,6.815215e+00,1.453110e+02,9.903255e+02,1358,0.872317,0.469649,0.135987,0
405,7.936524e+00,1.249132e+02,9.913769e+02,1305,0.768982,0.626331,0.127967,0
406,8.532557e+00,1.187179e+02,1.012967e+03,1316,0.801096,0.582928,0.135795,0
407,9.009609e+00,1.171319e+02,1.055312e+03,1354,0.877901,0.464749,0.115321,0
408,9.444506e+00,1.091504e+02,1.030871e+03,1327,0.840850,0.528472,0.116997,0
409,9.488929e+00,1.097344e+02,1.041262e+03,1322,0.700963,0.702077,0.125453,0
410,9.568479e+00,1.105659e+02,1.057948e+03,1338,0.799976,0.588975,0.114658,0
411,9.750090e+00,1.076545e+02,1.049641e+03,1328,0.818790,0.563022,0.112206,0
412,1.160631e+01,8.232298e+01,9.554664e+02,1190,0.813678,0.569631,0.115968,0
413,8.757323e+00,1.140159e+02,9.984737e+02,1289,0.797288,0.590044,0.127203,0
414,1.017187e+01,1.015051e+02,1.032497e+03,1297,0.797982,0.592980,0.107700,0
415,9.990916e+00,1.061151e+02,1.060187e+03,1333,0.733630,0.671081,0.106943,0
416,1.436422e+01,7.299793e+01,1.048559e+03,1269,0.696708,0.707826,0.116535,0
417,1.429073e+01,7.842369e+01,1.120732e+03,1356,-0.676943,-0.726451,-0.118396,0
418,1.351060e+01,8.140413e+01,1.099819e+03,1362,0.692362,0.712384,0.114648,0
419,2.133203e+01,4.983308e+01,1.063041e+03,1272,0.568528,0.815569,0.107810,0
420,1.713473e+01,6.580070e+01,1.127477e+03,1368,0.559242,0.822539,0.103330,0
421,1.974609e+01,5.592277e+01,1.104256e+03,1352,0.624810,0.773556,0.105938,0
422,2.302757e+01,4.905565e+01,1.129632e+03,1367,0.644739,0.756673,0.108431,0
423,2.118919e+01,5.443029e+01,1.153334e+03,1396,0.642886,0.758305,0.108037,0
424,2.324571e+01,5.007714e+01,1.164079e+03,1407,-0.653932,-0.747666,-0.115623,0
425,1.844874e+01,6.486835e+01,1.196740e+03,1455,-0.666742,-0.735674,-0.119327,0
426,2.012060e+01,6.111819e+01,1.229735e+03,1488,0.695886,0.708278,0.118678,0
427,1.846924e+01,6.491900e+01,1.199005e+03,1459,0.688925,0.714615,0.121278,0
428,1.799410e+01,6.987535e+01,1.257344e+03,1530,0.718444,0.685297,0.119193,0
429,1.874489e+01,6.417308e+01,1.202917e+03,1463,-0.674668,-0.727371,-0.125517,0
430,1.889676e+01,6.169563e+01,1.165847e+03,1439,-0.666048,-0.734779,-0.128376,0
431,1.144479e+01,9.566399e+01,1.094855e+03,1449,0.712039,0.691849,0.119773,0
432,1.471080e+01,7.836167e+01,1.152763e+03,1493,0.702180,0.700143,0.129395,0
433,1.226133e+01,9.573884e+01,1.173885e+03,1524,0.718217,0.684115,0.127087,0
434,1.232084e+01,9.571111e+01,1.179241e+03,1545,0.691152,0.710729,0.131045,0
435,1.194430e+01,1.003140e+02,1.198181e+03,1580,0.674046,0.725760,0.137602,0
436,1.037938e+01,1.112821e+02,1.155039e+03,1550,0.635214,0.761077,0.131395,0
437,1.001587e+01,1.191736e+02,1.193628e+03,1614,-0.646745,-0.751308,-0.131370,0
438,9.725054e+00,1.206883e+02,1.173701e+03,1559,0.582504,0.803161,0.124985,0
439,1.112651e+01,1.070475e+02,1.191065e+03,1557,0.640424,0.757392,0.127337,0
440,1.042018e+01,1.126954e+02,1.174306e+03,1538,0.574297,0.807784,0.132922,0
441,1.019156e+01,1.180506e+02,1.203120e+03,1583,0.604313,0.786993,0.124291,0
442,1.478952e+01,8.384173e+01,1.239979e+03,1548,0.567289,0.813829,0.125959,0
443,1.339920e+01,9.079973e+01,1.216644e+03,1538,0.586805,0.800536,0.121665,0
444,1.427325e+01,8.876605e+01,1.266980e+03,1602,0.515813,0.849269,0.112603,0
445,1.379143e+01,8.596435e+01,1.185571e+03,1498,0.528739,0.840153,0.120738,0
446,1.647108e+01,7.584077e+01,1.249179e+03,1543,0.503630,0.855458,0.120618,0
447,1.966090e+01,6.256925e+01,1.230168e+03,1519,0.562564,0.816244,0.131407,0
448,2.204409e+01,5.741274e+01,1.265612e+03,1532,0.568331,0.812817,0.127778,0
449,1.948811e+01,6.319886e+01,1.231626e+03,1500,0.543212,0.830390,0.123987,0
450,2.362972e+01,5.308593e+01,1.254406e+03,1501,0.497608,0.860061,0.112610,0
451,2.626819e+01,5.032516e+01,1.321951e+03,1585,0.528184,0.840386,0.121542,0
452,2.886351e+01,4.419775e+01,1.275702e+03,1547,0.562527,0.817857,0.121131,0
453,2.706654e+01,4.641144e+01,1.256197e+03,1508,0.506727,0.853626,0.120625,0
454,2.753296e+01,4.466129e+01,1.229657e+03,1483,0.551181,0.825197,0.123486,0
455,2.846749e+01,4.480809e+01,1.275574e+03,1525,0.545845,0.829442,0.118651,0
456,2.677456e+01,4.682798e+01,1.253799e+03,1513,0.545204,0.829230,0.123004,0
457,2.883258e+01,4.362814e+01,1.257912e+03,1510,0.548871,0.827462,0.118524,0
458,3.185511e+01,4.057613e+01,1.292557e+03,1549,0.595461,0.793653,0.124667,0
459,2.649278e+01,4.626852e+01,1.225781e+03,1476,0.566594,0.815502,0.118020,0
460,2.535815e+01,4.737459e+01,1.201332e+03,1470,0.568811,0.812617,0.126911,0
461,3.109503e+01,3.991488e+01,1.241155e+03,1518,0.568967,0.812933,0.124163,0
462,2.679955e+01,4.706829e+01,1.261409e+03,1539,0.611738,0.781057,0.125404,0
463,2.580527e+01,5.024794e+01,1.296661e+03,1576,0.592477,0.795225,0.128792,0
464,2.604213e+01,4.856604e+01,1.264763e+03,1542,0.532478,0.837496,0.122748,0
465,2.147871e+01,5.696114e+01,1.223452e+03,1517,0.544292,0.828944,0.128835,0
466,1.992785e+01,6.049267e+01,1.205489e+03,1495,0.641689,0.754256,0.139045,0
467,2.417133e+01,4.926525e+01,1.190807e+03,1450,0.600638,0.788787,0.130574,0
468,1.778158e+01,6.804719e+01,1.209986e+03,1548,0.616631,0.776035,0.132425,0
469,2.284126e+01,5.435961e+01,1.241642e+03,1547,0.585299,0.799463,0.135216,0
470,2.291078e+01,5.435096e+01,1.245223e+03,1550,-0.640984,-0.754710,-0.139833,0
471,2.696161e+01,4.723261e+01,1.273467e+03,1581,0.601996,0.786898,0.135617,0
472,2.969010e+01,4.299244e+01,1.276450e+03,1578,0.597443,0.789950,0.137990,0
473,3.415869e+01,3.958624e+01,1.352214e+03,1671,0.605723,0.783378,0.139348,0
474,2.698008e+01,4.819374e+01,1.300271e+03,1594,0.598577,0.789453,0.135903,0
475,3.790579e+01,3.647591e+01,1.382649e+03,1716,0.597170,0.789323,0.142675,0
476,4.872751e+01,2.789371e+01,1.359191e+03,1681,0.560722,0.816447,0.137857,0
477,5.009659e+01,2.696797e+01,1.351003e+03,1646,0.568555,0.811074,0.137493,0
478,4.456206e+01,3.081646e+01,1.373245e+03,1699,0.573487,0.807332,0.139025,0
479,4.145307e+01,3.333434e+01,1.381811e+03,1685,0.566022,0.812370,0.140265,0
480,5.151338e+01,2.657410e+01,1.368922e+03,1710,0.580072,0.801889,0.143149,0
481,4.512299e+01,3.136034e+01,1.415072e+03,1793,0.577271,0.803523,0.145289,0
482,4.710833e+01,2.935230e+01,1.382738e+03,1694,0.572997,0.806584,0.145250,0
483,5.906544e+01,2.368044e+01,1.398695e+03,1770,0.559496,0.816180,0.144275,0
484,7.599345e+01,1.800856e+01,1.368533e+03,1708,0.549836,0.822601,0.144938,0
485,7.930049e+01,1.673030e+01,1.326721e+03,1658,0.568188,0.810298,0.143453,0
486,6.722307e+01,2.118023e+01,1.423800e+03,1795,0.566867,0.810559,0.147162,0
487,5.735354e+01,2.397570e+01,1.375091e+03,1705,0.584990,0.796904,0.150768,0
488,8.827284e+01,1.642741e+01,1.450094e+03,1774,0.569927,0.808973,0.144031,0
489,7.690423e+01,1.903232e+01,1.463666e+03,1784,0.562705,0.813710,0.145736,0
490,7.022233e+01,2.090150e+01,1.467752e+03,1761,0.574398,0.804469,0.151318,0
491,1.011511e+02,1.370115e+01,1.385887e+03,1692,0.553387,0.819793,0.147313,0
492,5.196847e+01,2.716048e+01,1.411489e+03,1702,0.544330,0.826104,0.145800,0
493,6.410928e+01,2.238440e+01,1.435047e+03,1713,0.565424,0.811292,0.148664,0
494,1.002393e+02,1.469318e+01,1.472834e+03,1752,0.549033,0.822064,0.150912,0
495,7.057165e+01,1.964501e+01,1.386381e+03,1690,0.555484,0.817659,0.151231,0
496,6.239790e+01,2.411953e+01,1.505008e+03,1788,0.559057,0.814993,0.152451,0
497,1.096049e+02,1.304865e+01,1.430197e+03,1712,0.551109,0.820676,0.150896,0
498,8.410088e+01,1.681897e+01,1.414490e+03,1698,0.568213,0.808469,0.153337,0
499,1.224492e+02,1.217362e+01,1.490649e+03,1784,0.551904,0.819266,0.155579,0
500,9.808718e+01,1.502867e+01,1.474119e+03,1741,0.570496,0.806994,0.152623,0
501,7.639581e+01,1.935476e+01,1.478623e+03,1731,0.554347,0.818651,0.150031,0
502,1.279733e+02,1.149834e+01,1.471480e+03,1727,0.559649,0.814256,0.154206,0
503,5.731297e+01,2.416168e+01,1.384778e+03,1650,0.553855,0.818143,0.154556,0
504,6.167078e+01,2.261949e+01,1.394962e+03,1642,0.509249,0.847725,0.148415,0
505,5.348430e+01,2.578011e+01,1.378831e+03,1645,0.555990,0.817570,0.149847,0
506,5.848405e+01,2.401872e+01,1.404712e+03,1618,0.556000,0.817822,0.148429,0
507,4.651665e+01,3.098277e+01,1.441215e+03,1666,0.536715,0.831102,0.145624,0
508,4.169774e+01,3.375875e+01,1.407664e+03,1607,0.535461,0.832692,0.141088,0
509,4.409953e+01,3.323263e+01,1.465544e+03,1675,0.544569,0.827177,0.138649,0
510,3.206940e+01,4.308691e+01,1.381771e+03,1596,0.543606,0.828053,0.137185,0
511,3.039470e+01,4.621146e+01,1.404583e+03,1621,0.546528,0.827207,0.130521,0
512,3.435516e+01,4.174829e+01,1.434269e+03,1653,0.607003,0.784275,0.128298,0
513,2.765905e+01,5.264262e+01,1.456045e+03,1675,0.572834,0.809369,0.129551,0
514,3.583984e+01,3.993400e+01,1.431228e+03,1632,0.562929,0.815753,0.132881,0
515,2.576048e+01,5.760549e+01,1.483945e+03,1721,0.580582,0.803994,0.128525,0
516,3.111378e+01,4.825534e+01,1.501406e+03,1723,0.508047,0.852146,0.125444,0
517,2.539701e+01,5.783963e+01,1.468954e+03,1694,0.488684,0.863692,0.123388,0
518,4.139621e+01,3.775736e+01,1.563011e+03,1756,0.543132,0.830165,0.125831,0
519,3.364291e+01,4.717737e+01,1.587184e+03,1804,0.545920,0.827533,0.131000,0
520,3.903221e+01,4.060103e+01,1.584748e+03,1779,0.539345,0.831604,0.132449,0
521,4.528373e+01,3.592651e+01,1.626886e+03,1796,0.558584,0.818225,0.135982,0
522,4.120328e+01,3.937605e+01,1.622422e+03,1791,0.567624,0.811046,0.141450,0
523,4.486967e+01,3.625054e+01,1.626550e+03,1791,0.589748,0.794613,0.144181,0
524,4.847355e+01,3.302627e+01,1.600900e+03,1754,-0.528603,-0.836783,-0.142733,0
525,3.471629e+01,4.430366e+01,1.538058e+03,1716,0.573285,0.805085,0.152258,0
526,3.161547e+01,4.945222e+01,1.563455e+03,1742,-0.551035,-0.820459,-0.152341,0
527,5.657622e+01,2.712179e+01,1.534448e+03,1677,-0.551140,-0.820119,-0.153783,0
528,3.726306e+01,4.079286e+01,1.520067e+03,1693,0.592800,0.787975,0.166385,0
529,2.726317e+01,5.996616e+01,1.634867e+03,1844,0.616778,0.768335,0.171014,0
530,3.290371e+01,4.848356e+01,1.595289e+03,1779,-0.578835,-0.799733,-0.159301,0
531,2.510762e+01,6.505058e+01,1.633265e+03,1834,-0.588722,-0.790734,-0.167769,0
532,3.300751e+01,5.075499e+01,1.675296e+03,1854,-0.609900,-0.774071,-0.169812,0
533,3.508213e+01,4.672546e+01,1.639229e+03,1824,0.619697,0.765735,0.172119,0
534,2.608430e+01,6.164470e+01,1.607959e+03,1824,-0.550699,-0.817451,-0.168832,0
535,2.776140e+01,5.861535e+01,1.627244e+03,1827,-0.497809,-0.851630,-0.164050,0
536,2.391191e+01,6.653513e+01,1.590982e+03,1789,-0.508760,-0.845151,-0.163961,0
537,2.429808e+01,6.785507e+01,1.648748e+03,1880,-0.460536,-0.873081,-0.160114,0
538,2.617132e+01,6.190455e+01,1.620124e+03,1831,-0.547666,-0.819427,-0.169120,0
539,2.423125e+01,6.560075e+01,1.589588e+03,1795,-0.525658,-0.833980,-0.167811,0
540,2.365090e+01,6.728815e+01,1.591425e+03,1807,-0.395068,-0.906046,-0.151664,0
541,2.885829e+01,5.330024e+01,1.538154e+03,1716,-0.423849,-0.892876,-0.152067,0
542,2.566874e+01,6.329820e+01,1.624785e+03,1837,-0.340048,-0.929560,-0.142425,0
543,2.522089e+01,6.561196e+01,1.654792e+03,1884,-0.290846,-0.947383,-0.133697,0
544,2.400044e+01,6.502501e+01,1.560629e+03,1794,-0.257003,-0.957880,-0.128119,0
545,2.433432e+01,6.540273e+01,1.591531e+03,1818,-0.285219,-0.949585,-0.130145,0
546,2.368072e+01,6.707735e+01,1.588440e+03,1827,-0.251635,-0.959185,-0.129013,0
547,2.657716e+01,5.996082e+01,1.593588e+03,1811,-0.336161,-0.931385,-0.139709,0
548,2.634890e+01,6.219284e+01,1.638713e+03,1867,-0.270274,-0.954564,-0.125535,0
549,3.197720e+01,5.073350e+01,1.622315e+03,1841,-0.332386,-0.932932,-0.138409,0
550,3.145329e+01,5.129565e+01,1.613417e+03,1832,-0.311477,-0.941014,-0.132191,0
551,3.142931e+01,5.279875e+01,1.659428e+03,1893,-0.275869,-0.952099,-0.131926,0
552,4.162485e+01,3.781346e+01,1.573980e+03,1779,-0.310939,-0.940272,-0.138583,0
553,3.241647e+01,4.899787e+01,1.588338e+03,1814,-0.357978,-0.922348,-0.145350,0
554,1.867420e+01,8.139522e+01,1.519991e+03,1812,-0.343455,-0.928313,-0.142388,0
555,1.586500e+01,9.188510e+01,1.457757e+03,1801,-0.367653,-0.918894,-0.143052,0
556,1.360782e+01,1.024983e+02,1.394778e+03,1730,-0.362309,-0.920444,-0.146678,0
557,1.588441e+01,8.757728e+01,1.391114e+03,1732,-0.392693,-0.906913,-0.152646,0
558,1.826547e+01,7.673202e+01,1.401546e+03,1715,0.407915,0.898630,0.161459,0
559,1.507223e+01,8.470095e+01,1.276633e+03,1608,0.406725,0.899413,0.160096,0
560,1.316207e+01,1.015655e+02,1.336812e+03,1715,0.485424,0.857859,0.168647,0
561,1.493102e+01,8.674859e+01,1.295245e+03,1668,0.455268,0.875042,0.164414,0
562,1.365913e+01,9.245580e+01,1.262866e+03,1656,0.472735,0.866474,0.160452,0
563,1.612380e+01,7.873653e+01,1.269532e+03,1678,0.475824,0.864069,0.164245,0
564,1.430668e+01,7.999351e+01,1.144441e+03,1561,0.489705,0.855779,0.166828,0
565,1.314661e+01,8.972983e+01,1.179643e+03,1634,0.478570,0.863216,0.160714,0
566,1.406343e+01,7.824040e+01,1.100328e+03,1558,0.477774,0.863570,0.161182,0
567,1.427056e+01,7.501055e+01,1.070443e+03,1555,0.488764,0.856842,0.164109,0
568,1.389301e+01,7.517378e+01,1.044390e+03,1554,0.483124,0.859687,0.165920,0
569,1.165239e+01,8.736590e+01,1.018022e+03,1549,-0.490539,-0.853125,-0.177620,0
570,1.546439e+01,6.391859e+01,9.884620e+02,1515,0.494292,0.853454,0.165204,0
571,1.295408e+01,7.523270e+01,9.745703e+02,1449,0.472100,0.866852,0.160276,0
572,1.105219e+01,9.102193e+01,1.005992e+03,1594,0.480947,0.859764,0.171743,0
573,1.223268e+01,7.823358e+01,9.570062e+02,1516,0.485424,0.858283,0.166475,0
574,1.179894e+01,8.225878e+01,9.705662e+02,1547,0.503122,0.847938,0.166944,0
575,1.234599e+01,7.701080e+01,9.507743e+02,1503,0.473741,0.866918,0.154992,0
576,1.187179e+01,8.171189e+01,9.700660e+02,1528,0.479049,0.864148,0.154146,0
577,1.258170e+01,7.099719e+01,8.932654e+02,1428,0.498142,0.852368,0.159135,0
578,9.796730e+00,9.089200e+01,8.904444e+02,1463,0.490392,0.857607,0.155004,0
579,8.716050e+00,1.036555e+02,9.034669e+02,1463,0.481547,0.862875,0.153488,0
580,7.955930e+00,1.101069e+02,8.760030e+02,1428,0.470909,0.867359,0.161036,0
581,8.795929e+00,9.657663e+01,8.494811e+02,1374,0.475582,0.865859,0.155276,0
582,9.163813e+00,9.969330e+01,9.135707e+02,1477,0.471368,0.868728,0.152064,0
583,1.161687e+01,8.131684e+01,9.446474e+02,1459,0.474437,0.869711,0.136058,0
584,1.058432e+01,9.171855e+01,9.707783e+02,1478,0.491862,0.858008,0.147966,0
585,9.892155e+00,9.524441e+01,9.421725e+02,1481,0.454227,0.878497,0.148058,0
586,1.070219e+01,9.256373e+01,9.906344e+02,1523,0.489896,0.855916,0.165561,0
587,1.039540e+01,8.706357e+01,9.050604e+02,1443,0.490462,0.855119,0.167983,0
588,1.289336e+01,7.646418e+01,9.858805e+02,1468,-0.502242,-0.847304,-0.172711,0
589,1.153482e+01,8.926600e+01,1.029667e+03,1495,0.484377,0.858678,0.167483,0
590,1.256280e+01,8.446597e+01,1.061129e+03,1489,0.519035,0.838606,0.165355,0
591,8.909402e+00,1.128833e+02,1.005723e+03,1470,0.514869,0.840586,0.168302,0
592,9.618256e+00,1.110246e+02,1.067863e+03,1513,0.509245,0.844437,0.166121,0
593,1.041006e+01,1.014574e+02,1.056178e+03,1489,0.486278,0.856171,0.174656,0
594,1.026724e+01,1.069852e+02,1.098442e+03,1533,0.504959,0.844569,0.178101,0
595,9.711211e+00,1.085584e+02,1.054233e+03,1458,0.528166,0.830125,0.178701,0
596,8.466394e+00,1.167273e+02,9.882596e+02,1422,0.450192,0.876303,0.171525,0
597,8.329149e+00,1.150125e+02,9.579564e+02,1382,0.423074,0.887804,0.181140,0
598,8.469794e+00,1.108143e+02,9.385744e+02,1322,0.444219,0.879363,0.171434,0
599,6.366163e+00,1.414472e+02,9.004760e+02,1328,0.411631,0.893935,0.177312,0
600,6.553204e+00,1.317123e+02,8.631375e+02,1333,0.302108,0.938076,0.169541,0
601,6.349510e+00,1.395222e+02,8.858979e+02,1444,0.158719,0.974641,0.157743,0
602,7.356297e+00,1.183883e+02,8.708996e+02,1417,0.144234,0.978738,0.145837,0
603,8.625200e+00,1.040305e+02,8.972841e+02,1424,0.117888,0.982684,0.142947,0
604,1.007253e+01,8.674679e+01,8.737595e+02,1392,0.098321,0.982894,0.155730,0
605,6.916781e+00,1.250725e+02,8.650990e+02,1438,0.089473,0.983455,0.157514,0
606,7.935004e+00,1.065885e+02,8.457798e+02,1394,0.089486,0.984253,0.152443,0
607,9.024249e+00,9.745623e+01,8.794693e+02,1434,0.094642,0.984949,0.144630,0
608,8.885853e+00,9.458463e+01,8.404651e+02,1441,0.099980,0.983841,0.148531,0
609,7.838906e+00,1.053919e+02,8.261572e+02,1415,0.088159,0.984060,0.154446,0
610,1.039088e+01,8.380030e+01,8.707592e+02,1373,0.145431,0.977619,0.152025,0
611,9.667146e+00,8.988159e+01,8.688985e+02,1360,0.138437,0.978339,0.153906,0
612,9.367686e+00,9.171496e+01,8.591570e+02,1374,0.144634,0.978626,0.146193,0
613,9.497452e+00,9.062034e+01,8.606624e+02,1413,-0.129305,-0.980296,-0.149332,0
614,8.568906e+00,9.998131e+01,8.567305e+02,1410,0.102833,0.981306,0.162677,0
615,9.592888e+00,8.957172e+01,8.592515e+02,1404,-0.092075,-0.986400,-0.136153,0
616,8.508194e+00,9.753396e+01,8.298379e+02,1376,-0.094917,-0.984370,-0.148346,0
617,9.673327e+00,8.474278e+01,8.197446e+02,1387,-0.094533,-0.983020,-0.157275,0
618,9.299198e+00,8.815260e+01,8.197485e+02,1344,-0.091175,-0.983884,-0.153817,0
619,7.827377e+00,1.100112e+02,8.610993e+02,1420,0.124249,0.979633,0.157738,0
620,9.413551e+00,9.406934e+01,8.855265e+02,1413,-0.106197,-0.983140,-0.148857,0
621,8.724501e+00,9.912425e+01,8.648097e+02,1394,-0.074247,-0.987161,-0.141422,0
622,8.325770e+00,1.017918e+02,8.474948e+02,1427,-0.120636,-0.980550,-0.154820,0
623,7.972021e+00,1.034725e+02,8.248849e+02,1360,0.121624,0.980374,0.155159,0
624,6.795401e+00,1.254617e+02,8.525626e+02,1410,0.161564,0.974180,0.157701,0
625,7.132711e+00,1.157676e+02,8.257372e+02,1300,0.178446,0.971986,0.152974,0
626,9.379743e+00,8.949584e+01,8.394479e+02,1308,0.115800,0.980907,0.156241,0
627,7.374261e+00,1.012820e+02,7.468798e+02,1224,0.098060,0.984490,0.145479,0
628,6.585743e+00,1.193550e+02,7.860415e+02,1233,0.203116,0.968068,0.146929,0
629,5.828202e+00,1.369826e+02,7.983625e+02,1283,0.213006,0.965263,0.151312,0
630,4.444332e+00,1.692823e+02,7.523468e+02,1407,-0.140723,-0.979647,-0.143138,0
631,5.134239e+00,1.470424e+02,7.549506e+02,1445,-0.104138,-0.984494,-0.141164,0
632,4.408351e+00,1.637563e+02,7.218953e+02,1499,-0.105170,-0.984906,-0.137476,0
633,5.668800e+00,1.382876e+02,7.839247e+02,1519,-0.090130,-0.984954,-0.147453,0
634,5.473762e+00,1.410116e+02,7.718641e+02,1631,-0.056832,-0.987808,-0.144930,0
635,4.617226e+00,1.629085e+02,7.521854e+02,1512,-0.090358,-0.985084,-0.146441,0
636,4.607099e+00,1.585974e+02,7.306739e+02,1433,-0.121179,-0.980595,-0.154107,0
637,5.205140e+00,1.365066e+02,7.105357e+02,1377,-0.114215,-0.983412,-0.140912,0
638,4.721252e+00,1.486336e+02,7.017366e+02,1401,-0.108014,-0.984118,-0.140870,0
639,6.343755e+00,1.208303e+02,7.665177e+02,1395,-0.089935,-0.986027,-0.140220,0
640,7.396618e+00,1.002641e+02,7.416156e+02,1369,-0.111307,-0.984771,-0.133556,0
641,6.843312e+00,1.113708e+02,7.621451e+02,1386,-0.100452,-0.985058,-0.139894,0
642,6.146786e+00,1.240525e+02,7.625243e+02,1339,0.080674,0.985722,0.147797,0
643,6.358348e+00,1.225144e+02,7.789893e+02,1362,-0.080444,-0.986709,-0.141186,0
644,5.770445e+00,1.383519e+02,7.983522e+02,1433,-0.055858,-0.987814,-0.145271,0
645,6.400530e+00,1.213733e+02,7.768538e+02,1414,-0.075050,-0.985339,-0.153211,0
646,6.342448e+00,1.228811e+02,7.793672e+02,1375,-0.084035,-0.987447,-0.133743,0
647,5.777664e+00,1.314050e+02,7.592137e+02,1409,-0.092498,-0.986622,-0.134243,0
648,6.064327e+00,1.341165e+02,8.133262e+02,1450,-0.087262,-0.985315,-0.146764,0
649,7.160256e+00,1.078326e+02,7.721087e+02,1404,-0.105329,-0.984232,-0.142099,0
650,6.850363e+00,1.135431e+02,7.778115e+02,1362,-0.097343,-0.985371,-0.139885,0
651,8.125089e+00,1.004613e+02,8.162568e+02,1421,-0.068043,-0.989524,-0.127329,0
652,6.377765e+00,1.335705e+02,8.518813e+02,1532,-0.091776,-0.986092,-0.138566,0
653,5.637151e+00,1.442228e+02,8.130059e+02,1455,-0.093259,-0.985533,-0.141519,0
654,6.431556e+00,1.272026e+02,8.181108e+02,1440,-0.119477,-0.984197,-0.130697,0
655,5.807614e+00,1.292166e+02,7.504400e+02,1390,-0.090793,-0.985707,-0.141908,0
656,4.111238e+00,1.849462e+02,7.603577e+02,1434,0.133833,0.981028,0.140262,0
657,3.365051e+00,2.215275e+02,7.454511e+02,1408,0.199468,0.970291,0.136921,0
658,4.256281e+00,1.833088e+02,7.802137e+02,1411,0.148848,0.978085,0.145579,0
659,4.764176e+00,1.604328e+02,7.643303e+02,1324,0.168357,0.974960,0.145286,0
660,5.043655e+00,1.493716e+02,7.533788e+02,1253,0.218743,0.962701,0.159241,0
661,3.717454e+00,1.961524e+02,7.291875e+02,1296,0.285106,0.946363,0.152024,0
662,4.668446e+00,1.721027e+02,8.034521e+02,1350,0.264873,0.952745,0.148722,0
663,4.441217e+00,1.637616e+02,7.273007e+02,1245,0.254109,0.953036,0.164773,0
664,4.405506e+00,1.653505e+02,7.284527e+02,1239,0.231650,0.958046,0.168778,0
665,5.484916e+00,1.384599e+02,7.594409e+02,1219,0.273973,0.947435,0.165242,0
666,6.173378e+00,1.272766e+02,7.857267e+02,1203,0.332111,0.927063,0.173941,0
667,4.988890e+00,1.639685e+02,8.180209e+02,1273,0.377754,0.908293,0.179738,0
668,6.669554e+00,1.236329e+02,8.245762e+02,1178,0.430319,0.884592,0.179786,0
669,6.878326e+00,1.142218e+02,7.856550e+02,1150,0.517718,0.837501,0.174815,0
670,7.946864e+00,1.056259e+02,8.393945e+02,1174,0.610331,0.769068,0.189815,0
671,6.991674e+00,1.151294e+02,8.049471e+02,1129,0.626032,0.754626,0.196531,0
672,7.790686e+00,1.046623e+02,8.153913e+02,1113,0.682483,0.705102,0.192477,0
673,7.049430e+00,1.072836e+02,7.562882e+02,1075,0.686459,0.704297,0.180939,0
674,7.058561e+00,1.138512e+02,8.036257e+02,1103,0.609918,0.770021,0.187264,0
675,7.280857e+00,1.011615e+02,7.365428e+02,1041,0.712268,0.674755,0.193339,0
676,5.970541e+00,1.269225e+02,7.577960e+02,1081,0.605631,0.776949,0.171934,0
677,6.086646e+00,1.227499e+02,7.471349e+02,1089,0.673993,0.719847,0.165990,0
678,7.292905e+00,1.005735e+02,7.334730e+02,1012,0.606604,0.778911,0.159152,0
679,7.140351e+00,1.025222e+02,7.320448e+02,1020,0.553854,0.813175,0.178861,0
680,7.765003e+00,9.745724e+01,7.567557e+02,1057,0.475818,0.868437,0.139336,0
681,6.946651e+00,1.134983e+02,7.884327e+02,1109,0.468230,0.871613,0.145089,0
682,6.541278e+00,1.202639e+02,7.866797e+02,1111,0.421540,0.893833,0.152862,0
683,6.969122e+00,1.095667e+02,7.635838e+02,1071,0.560537,0.809133,0.176356,0
684,6.254484e+00,1.208631e+02,7.559364e+02,1102,0.503521,0.849428,0.157919,0
685,5.610955e+00,1.280448e+02,7.184539e+02,1077,0.452034,0.878051,0.157138,0
686,6.169435e+00,1.154838e+02,7.124700e+02,1039,0.567697,0.804035,0.176772,0
687,6.086767e+00,1.228817e+02,7.479522e+02,1093,0.495348,0.854224,0.157899,0
688,5.466115e+00,1.292367e+02,7.064227e+02,1084,0.501681,0.851383,0.153179,0
689,5.107519e+00,1.323320e+02,6.758881e+02,1040,0.579252,0.794237,0.183450,0
690,5.719853e+00,1.265779e+02,7.240072e+02,1075,0.572134,0.800103,0.180273,0
691,5.964072e+00,1.246128e+02,7.431998e+02,1092,0.617181,0.769449,0.164427,0
692,5.198424e+00,1.344185e+02,6.987644e+02,1068,0.675248,0.715686,0.178422,0
693,5.579813e+00,1.353032e+02,7.549666e+02,1126,0.604411,0.774547,0.186450,0
694,6.207249e+00,1.139823e+02,7.075167e+02,1042,-0.626146,-0.759019,-0.178414,0
695,5.540545e+00,1.365930e+02,7.567996e+02,1108,0.518082,0.836529,0.178354,0
696,6.196994e+00,1.191062e+02,7.381005e+02,1055,0.750800,0.633331,0.187592,0
697,6.751583e+00,1.135752e+02,7.668127e+02,1096,-0.644545,-0.744634,-0.173445,0
698,6.309363e+00,1.271253e+02,8.020796e+02,1124,0.647177,0.740774,0.180042,0
699,6.617596e+00,1.202425e+02,7.957160e+02,1109,-0.675243,-0.716000,-0.177178,0
700,7.356937e+00,1.093140e+02,8.042163e+02,1127,-0.654189,-0.734172,-0.181734,0
701,7.094904e+00,1.156642e+02,8.206261e+02,1122,0.572373,0.800061,0.179698,0
702,7.337934e+00,1.145579e+02,8.406187e+02,1157,0.608604,0.775220,0.169220,0
703,7.072365e+00,1.264123e+02,8.940337e+02,1228,0.626235,0.756523,0.188421,0
704,8.612340e+00,1.065416e+02,9.175727e+02,1224,0.622457,0.762277,0.177427,0
705,8.653450e+00,1.079791e+02,9.343919e+02,1240,-0.660569,-0.727776,-0.184367,0
706,9.065231e+00,1.087374e+02,9.857293e+02,1299,0.622203,0.763607,0.172532,0
707,8.503368e+00,1.088096e+02,9.252477e+02,1249,-0.667351,-0.719569,-0.191996,0
708,9.633615e+00,9.742791e+01,9.385830e+02,1216,-0.653763,-0.734749,-0.180938,0
709,9.533447e+00,1.057382e+02,1.008050e+03,1297,0.554089,0.812922,0.179285,0
710,1.115002e+01,8.746169e+01,9.751994e+02,1244,0.598793,0.781078,0.177098,0
711,1.235722e+01,7.868759e+01,9.723599e+02,1238,0.714671,0.674491,0.185223,0
712,1.207425e+01,8.744476e+01,1.055830e+03,1326,0.605735,0.775056,0.179923,0
713,9.303032e+00,1.092141e+02,1.016022e+03,1304,0.631787,0.752216,0.187128,0
714,1.280785e+01,8.228220e+01,1.053858e+03,1294,0.614215,0.765949,0.189902,0
715,1.087165e+01,9.027701e+01,9.814601e+02,1254,0.718874,0.672055,0.177656,0
716,1.090087e+01,9.730608e+01,1.060721e+03,1341,0.735768,0.655615,0.169750,0
717,1.119050e+01,9.275308e+01,1.037953e+03,1316,0.806324,0.566529,0.169959,0
718,1.179553e+01,9.315964e+01,1.098867e+03,1383,0.761596,0.623237,0.177614,0
719,1.347108e+01,8.386550e+01,1.129759e+03,1375,0.821736,0.542106,0.175702,0
720,1.219754e+01,8.738313e+01,1.065859e+03,1305,0.831286,0.524558,0.183853,0
721,1.393799e+01,7.934895e+01,1.105965e+03,1347,0.691723,0.699728,0.178607,0
722,1.116473e+01,8.939199e+01,9.980378e+02,1247,0.738795,0.648127,0.184697,0
723,1.190424e+01,9.166057e+01,1.091149e+03,1324,0.810823,0.556093,0.182556,0
724,1.131059e+01,9.484342e+01,1.072735e+03,1305,0.629340,0.753667,0.189516,0
725,1.170325e+01,8.699519e+01,1.018126e+03,1236,-0.542125,-0.819695,-0.184934,0
726,1.280694e+01,8.324473e+01,1.066110e+03,1276,-0.679895,-0.711664,-0.176856,0
727,1.194888e+01,9.434066e+01,1.127265e+03,1347,0.652646,0.736698,0.176998,0
728,1.228452e+01,8.706036e+01,1.069494e+03,1268,0.466628,0.868799,0.165671,0
729,1.713927e+01,6.233759e+01,1.068421e+03,1238,0.366358,0.913931,0.174679,0
730,1.720914e+01,6.855087e+01,1.179701e+03,1366,0.530404,0.829416,0.175330,0
731,1.883212e+01,6.451922e+01,1.215034e+03,1387,0.377173,0.908586,0.179478,0
732,1.792281e+01,6.853503e+01,1.228340e+03,1387,0.371338,0.912602,0.171073,0
733,1.772880e+01,7.290938e+01,1.292596e+03,1465,0.183680,0.970710,0.154867,0
734,2.062211e+01,6.354993e+01,1.310534e+03,1465,0.065371,0.988154,0.138846,0
735,2.445080e+01,5.346347e+01,1.307225e+03,1454,0.159608,0.976050,0.147824,0
736,2.072231e+01,6.448443e+01,1.336267e+03,1520,0.256579,0.952736,0.162667,0
737,2.675264e+01,5.244529e+01,1.403050e+03,1559,0.434522,0.882111,0.181853,0
738,2.547843e+01,5.544232e+01,1.412583e+03,1563,0.336619,0.926214,0.169752,0
739,2.515153e+01,5.558626e+01,1.398079e+03,1563,0.371423,0.912698,0.170371,0
740,2.677010e+01,5.241035e+01,1.403030e+03,1555,0.378655,0.909787,0.170025,0
741,3.541892e+01,3.844019e+01,1.361510e+03,1504,0.292946,0.941123,0.168732,0
742,2.629933e+01,5.251941e+01,1.381225e+03,1548,0.318187,0.932141,0.172829,0
743,2.629422e+01,5.279843e+01,1.388293e+03,1556,0.324233,0.931238,0.166338,0
744,2.418103e+01,5.738424e+01,1.387610e+03,1578,-0.389460,-0.904278,-0.174935,0
745,3.064643e+01,4.368048e+01,1.338651e+03,1483,0.434801,0.882630,0.178641,0
746,2.563191e+01,5.288540e+01,1.355554e+03,1523,0.400647,0.898648,0.178646,0
747,2.596590e+01,5.219924e+01,1.355400e+03,1530,-0.416088,-0.891570,-0.178814,0
748,2.380063e+01,5.620292e+01,1.337665e+03,1524,-0.480309,-0.859645,-0.174111,0
749,2.326789e+01,5.924217e+01,1.378440e+03,1566,-0.406584,-0.898090,-0.167698,0
750,2.418749e+01,5.440603e+01,1.315946e+03,1509,-0.429403,-0.885977,-0.175092,0
751,3.022600e+01,4.537417e+01,1.371479e+03,1541,-0.508295,-0.840513,-0.187545,0
752,3.724812e+01,3.892137e+01,1.449748e+03,1621,-0.388466,-0.904973,-0.173544,0
753,3.074616e+01,4.290715e+01,1.319230e+03,1488,-0.464131,-0.866992,-0.181405,0
754,2.881433e+01,4.907534e+01,1.414073e+03,1604,-0.445930,-0.876766,-0.180074,0
755,3.305281e+01,3.820253e+01,1.262701e+03,1415,-0.446686,-0.876602,-0.178997,0
756,2.791360e+01,4.754347e+01,1.327110e+03,1512,-0.491078,-0.851702,-0.182884,0
757,3.502226e+01,3.824331e+01,1.339367e+03,1506,-0.441017,-0.878516,-0.183610,0
758,3.749059e+01,3.665916e+01,1.374374e+03,1529,-0.483174,-0.855809,-0.184753,0
759,2.752213e+01,4.746782e+01,1.306415e+03,1496,-0.428433,-0.884099,-0.186583,0
760,2.654658e+01,4.960580e+01,1.316864e+03,1508,-0.414115,-0.890221,-0.189780,0
761,2.740561e+01,4.852026e+01,1.329727e+03,1527,-0.431179,-0.882488,-0.187885,0
762,2.508965e+01,5.413117e+01,1.358132e+03,1548,-0.447790,-0.874403,-0.186824,0
763,2.590892e+01,5.122318e+01,1.327137e+03,1532,-0.387415,-0.903138,-0.185071,0
764,2.801321e+01,4.849903e+01,1.358613e+03,1555,-0.427964,-0.883603,-0.189982,0
765,2.758403e+01,4.724094e+01,1.303095e+03,1508,-0.414709,-0.891696,-0.181368,0
766,2.396150e+01,5.665906e+01,1.357636e+03,1572,-0.373936,-0.909096,-0.183620,0
767,2.774894e+01,4.826544e+01,1.339315e+03,1552,-0.406423,-0.894155,-0.187901,0
768,2.442062e+01,5.329633e+01,1.301529e+03,1508,-0.449825,-0.872601,-0.190331,0
769,2.374133e+01,5.598050e+01,1.329052e+03,1537,-0.420341,-0.887797,-0.187428,0
770,4.024870e+01,3.345101e+01,1.346360e+03,1525,-0.423450,-0.885091,-0.193142,0
771,3.495305e+01,3.879113e+01,1.355868e+03,1553,-0.431379,-0.882362,-0.188016,0
772,2.744515e+01,4.770553e+01,1.309285e+03,1549,0.435562,0.879925,0.189783,0
773,2.930600e+01,4.666520e+01,1.367570e+03,1567,-0.434437,-0.878337,-0.199470,0
774,2.607437e+01,5.145852e+01,1.341749e+03,1559,-0.451106,-0.870457,-0.196998,0
775,2.675729e+01,4.772925e+01,1.277105e+03,1493,-0.443389,-0.874403,-0.197041,0
776,3.063893e+01,4.323439e+01,1.324656e+03,1542,-0.441370,-0.874430,-0.201404,0
777,2.529798e+01,5.238702e+01,1.325286e+03,1555,-0.458831,-0.864854,-0.203720,0
778,2.682449e+01,4.842935e+01,1.299093e+03,1498,-0.417200,-0.887426,-0.196009,0
779,2.528440e+01,5.196723e+01,1.313960e+03,1520,0.550690,0.809499,0.203598,0
780,2.217642e+01,5.676047e+01,1.258744e+03,1464,-0.444688,-0.871282,-0.207654,0
781,2.791193e+01,4.779460e+01,1.334039e+03,1547,-0.506255,-0.836067,-0.211420,0
782,2.177277e+01,6.099641e+01,1.328061e+03,1532,0.412617,0.884459,0.217899,0
783,1.764723e+01,7.138196e+01,1.259694e+03,1454,0.509422,0.827316,0.236723,0
784,1.538814e+01,8.200485e+01,1.261902e+03,1468,0.352962,0.908030,0.225610,0
785,1.594992e+01,8.303370e+01,1.324381e+03,1564,0.504476,0.826852,0.248636,0
786,1.363578e+01,9.353973e+01,1.275487e+03,1504,0.419601,0.869627,0.260160,0
787,1.513280e+01,8.688050e+01,1.314745e+03,1542,0.443534,0.860557,0.250439,0
788,1.212476e+01,1.115887e+02,1.352986e+03,1614,0.525561,0.805340,0.274249,0
789,1.148997e+01,1.136737e+02,1.306107e+03,1555,0.602525,0.743019,0.291353,0
790,1.341052e+01,1.062826e+02,1.425305e+03,1674,0.414188,0.869219,0.270013,0
791,1.391765e+01,9.983291e+01,1.389440e+03,1640,0.251992,0.938043,0.237854,0
792,1.439242e+01,9.381735e+01,1.350259e+03,1588,0.330802,0.907642,0.258373,0
793,1.257658e+01,1.037288e+02,1.304553e+03,1552,0.139087,0.958734,0.247960,0
794,1.380246e+01,9.771394e+01,1.348693e+03,1582,-0.009795,0.974616,0.223667,0
795,1.188289e+01,1.076615e+02,1.279330e+03,1543,0.137213,0.956109,0.258896,0
796,1.260567e+01,1.059472e+02,1.335536e+03,1582,0.284635,0.921186,0.265327,0
797,1.136926e+01,1.148806e+02,1.306107e+03,1561,-0.079307,0.972240,0.220135,0
798,1.264218e+01,1.054385e+02,1.332973e+03,1599,0.332426,0.899676,0.282978,0
799,1.263156e+01,1.094844e+02,1.382958e+03,1662,0.203516,0.940057,0.273630,0
800,1.258038e+01,1.089862e+02,1.371088e+03,1659,0.383557,0.873931,0.298543,0
801,1.285262e+01,1.115002e+02,1.433070e+03,1731,0.314527,0.913056,0.259619,0
802,1.876455e+01,7.878800e+01,1.478422e+03,1755,0.287185,0.932958,0.217059,0
803,2.241990e+01,6.164831e+01,1.382149e+03,1660,-0.361915,-0.908984,-0.206796,0
804,2.883939e+01,4.933498e+01,1.422790e+03,1676,-0.382109,-0.900616,-0.207082,0
805,2.891898e+01,5.115776e+01,1.479430e+03,1773,-0.413619,-0.889060,-0.196191,0
806,3.594823e+01,3.975692e+01,1.429191e+03,1720,0.414748,0.889030,0.193934,0
807,4.212497e+01,3.527011e+01,1.485752e+03,1783,0.404583,0.893879,0.193115,0
808,4.701141e+01,3.238239e+01,1.522342e+03,1820,0.408138,0.893574,0.186946,0
809,4.308085e+01,3.553892e+01,1.531047e+03,1839,0.413697,0.891125,0.186414,0
810,5.326502e+01,2.891390e+01,1.540099e+03,1808,0.396467,0.898359,0.189118,0
811,5.920684e+01,2.693425e+01,1.594692e+03,1884,0.384542,0.903882,0.187417,0
812,6.300525e+01,2.489204e+01,1.568329e+03,1861,0.415354,0.887962,0.197494,0
813,6.769593e+01,2.396345e+01,1.622228e+03,1920,0.420100,0.886333,0.194755,0
814,4.874370e+01,3.177085e+01,1.548629e+03,1860,0.401134,0.895867,0.191085,0
815,6.504642e+01,2.532771e+01,1.647477e+03,1918,0.405746,0.892977,0.194841,0
816,5.828135e+01,2.704647e+01,1.576305e+03,1919,0.414312,0.888192,0.198646,0
817,6.874694e+01,2.343723e+01,1.611238e+03,1903,0.394935,0.897518,0.196183,0
818,5.988590e+01,2.642147e+01,1.582273e+03,1891,0.397532,0.896646,0.194921,0
819,8.767832e+01,1.859806e+01,1.630647e+03,1968,0.407587,0.891731,0.196695,0
820,9.273722e+01,1.755099e+01,1.627630e+03,1944,0.407380,0.892065,0.195605,0
821,8.252200e+01,1.859881e+01,1.534811e+03,1897,0.391684,0.897679,0.201881,0
822,6.622114e+01,2.317807e+01,1.534878e+03,1872,0.400053,0.893466,0.204149,0
823,7.319795e+01,2.012477e+01,1.473092e+03,1815,0.409401,0.889474,0.203045,0
824,8.003868e+01,1.895746e+01,1.517330e+03,1817,0.396030,0.893908,0.209973,0
825,6.894813e+01,2.333928e+01,1.609200e+03,1934,0.400654,0.891233,0.212555,0
826,7.940332e+01,1.921169e+01,1.525472e+03,1826,0.407451,0.888791,0.209843,0
827,5.735052e+01,2.930359e+01,1.680576e+03,2026,0.409542,0.888155,0.208460,0
828,4.851137e+01,3.245754e+01,1.574560e+03,1874,-0.382728,-0.899447,-0.210984,0
829,6.350554e+01,2.484819e+01,1.577998e+03,1882,0.405631,0.887742,0.217664,0
830,5.209639e+01,3.065150e+01,1.596832e+03,1915,0.397993,0.891265,0.217366,0
831,4.695709e+01,3.319072e+01,1.558539e+03,1876,0.408186,0.887971,0.211875,0
832,3.727287e+01,4.214878e+01,1.571006e+03,1862,0.406837,0.890085,0.205506,0
833,2.534929e+01,6.452041e+01,1.635546e+03,1953,-0.393108,-0.899948,-0.188571,0
834,2.090311e+01,7.671187e+01,1.603517e+03,1957,-0.398039,-0.898869,-0.183302,0
835,2.007547e+01,7.980712e+01,1.602166e+03,1918,-0.400982,-0.899358,-0.174263,0
836,1.854102e+01,8.444266e+01,1.565653e+03,1884,-0.391929,-0.904242,-0.169523,0
837,1.564293e+01,9.784178e+01,1.530532e+03,1872,-0.377283,-0.912385,-0.158780,0
838,1.595466e+01,9.779517e+01,1.560288e+03,1878,-0.331941,-0.932900,-0.139689,0
839,1.478292e+01,1.057986e+02,1.564012e+03,1912,0.361807,0.923028,0.130824,0
840,1.426946e+01,1.121434e+02,1.600225e+03,1953,-0.333979,-0.934984,-0.119429,0
841,1.327424e+01,1.204234e+02,1.598529e+03,1943,-0.298612,-0.948297,-0.107534,0
842,1.475534e+01,1.024088e+02,1.511078e+03,1814,-0.353914,-0.926329,-0.129071,0
843,1.483166e+01,9.833278e+01,1.458439e+03,1761,-0.315268,-0.939769,-0.132064,0
844,1.455601e+01,1.016113e+02,1.479056e+03,1786,-0.330296,-0.937213,-0.111966,0
845,1.273988e+01,1.212815e+02,1.545111e+03,1877,-0.268004,-0.960348,-0.076849,0
846,1.253179e+01,1.159742e+02,1.453364e+03,1738,-0.175837,-0.982982,-0.053170,0
847,1.237828e+01,1.257922e+02,1.557091e+03,1868,-0.223778,-0.972867,-0.058767,0
848,1.261347e+01,1.252527e+02,1.579872e+03,1865,-0.004705,0.999582,0.028523,0
849,1.249008e+01,1.253263e+02,1.565336e+03,1852,-0.002400,0.999224,0.039308,0
850,1.210880e+01,1.309480e+02,1.585623e+03,1872,-0.210899,0.977256,0.022177,0
851,1.384104e+01,1.075367e+02,1.488420e+03,1732,-0.473920,0.880553,-0.005076,0
852,1.366195e+01,1.090483e+02,1.489812e+03,1750,-0.407023,0.913353,0.010900,0
853,1.461144e+01,1.020530e+02,1.491141e+03,1739,-0.436094,0.899848,0.009739,0
854,1.581915e+01,9.575183e+01,1.514712e+03,1738,-0.377293,0.925793,0.023595,0
855,1.326841e+01,1.066108e+02,1.414555e+03,1652,-0.106204,0.992747,0.056334,0
856,1.444001e+01,1.024634e+02,1.479572e+03,1712,-0.118143,0.991230,0.059200,0
857,1.378292e+01,1.015186e+02,1.399223e+03,1632,-0.344066,0.937944,0.043344,0
858,1.202621e+01,1.145601e+02,1.377724e+03,1623,0.048579,0.994797,0.089551,0
859,1.341654e+01,1.011984e+02,1.357732e+03,1582,-0.216634,0.973845,0.068530,0
860,1.308158e+01,1.024013e+02,1.339570e+03,1557,-0.030271,0.993793,0.107048,0
861,1.444793e+01,8.760619e+01,1.265728e+03,1481,0.319828,0.934551,0.155961,0
862,1.412238e+01,8.823951e+01,1.246152e+03,1461,0.140718,0.978145,0.153072,0
863,1.657909e+01,7.181037e+01,1.190550e+03,1387,0.432485,0.879245,0.199714,0
864,1.559910e+01,7.885205e+01,1.230021e+03,1439,0.302417,0.934395,0.188280,0
865,1.631661e+01,7.227134e+01,1.179223e+03,1368,0.426063,0.880851,0.206331,0
866,1.783788e+01,6.605472e+01,1.178276e+03,1372,0.392237,0.895223,0.211487,0
867,1.547056e+01,7.672723e+01,1.187013e+03,1403,-0.581353,-0.783166,-0.220632,0
868,1.885552e+01,6.203321e+01,1.169669e+03,1347,0.513703,0.827758,0.225669,0
869,2.495762e+01,4.891371e+01,1.220770e+03,1381,0.505876,0.834153,0.219725,0
870,2.107630e+01,5.317348e+01,1.120700e+03,1310,-0.413880,-0.882245,-0.224380,0
871,1.849023e+01,6.372830e+01,1.178351e+03,1371,0.483079,0.846350,0.224335,0
872,1.859403e+01,6.276211e+01,1.167000e+03,1364,0.384391,0.898788,0.210768,0
873,2.005079e+01,6.035910e+01,1.210248e+03,1418,0.378330,0.898514,0.222575,0
874,1.947867e+01,6.420759e+01,1.250679e+03,1431,0.571665,0.788076,0.228332,0
875,2.250462e+01,5.339874e+01,1.201718e+03,1369,0.452377,0.866804,0.209779,0
876,1.877442e+01,6.275011e+01,1.178097e+03,1363,0.529264,0.818645,0.222934,0
877,2.046754e+01,5.834661e+01,1.194212e+03,1378,0.388719,0.893736,0.223904,0
878,2.034324e+01,5.878138e+01,1.195804e+03,1389,-0.508769,-0.832274,-0.220167,0
879,1.913053e+01,6.375063e+01,1.219583e+03,1413,0.553709,0.799297,0.233518,0
880,1.931702e+01,5.859199e+01,1.131822e+03,1316,-0.557938,-0.796118,-0.234312,0
881,1.781007e+01,6.436577e+01,1.146359e+03,1356,-0.458611,-0.857774,-0.232165,0
882,2.002839e+01,6.027512e+01,1.207214e+03,1393,0.526417,0.818662,0.229516,0
883,1.997098e+01,5.941475e+01,1.186571e+03,1358,0.622787,0.744570,0.240314,0
884,1.722821e+01,6.846865e+01,1.179592e+03,1365,0.686340,0.686610,0.239800,0
885,2.267794e+01,5.486117e+01,1.244138e+03,1420,0.454479,0.862996,0.220650,0
886,2.106516e+01,5.827715e+01,1.227617e+03,1387,0.533637,0.813984,0.229482,0
887,1.811331e+01,6.456545e+01,1.169494e+03,1357,0.545153,0.807022,0.226991,0
888,1.755817e+01,6.901705e+01,1.211813e+03,1398,0.561885,0.794328,0.230928,0
889,1.789884e+01,6.959978e+01,1.245756e+03,1450,0.540009,0.807232,0.238260,0
890,2.046977e+01,5.754213e+01,1.177874e+03,1348,0.378876,0.899251,0.218632,0
891,1.943312e+01,6.144979e+01,1.194161e+03,1375,0.482704,0.845162,0.229560,0
892,2.260536e+01,5.165097e+01,1.167589e+03,1324,0.539064,0.808440,0.236294,0
893,1.672645e+01,6.937479e+01,1.160394e+03,1334,0.506796,0.830748,0.230249,0
894,1.765393e+01,6.783157e+01,1.197494e+03,1370,0.495273,0.837327,0.231492,0
895,1.814971e+01,6.390627e+01,1.159880e+03,1339,0.649058,0.722308,0.238735,0
896,1.852994e+01,6.479968e+01,1.200734e+03,1368,0.603110,0.761933,0.236041,0
897,1.485882e+01,8.160163e+01,1.212504e+03,1395,0.363377,0.903480,0.227335,0
898,1.528440e+01,7.802640e+01,1.192586e+03,1374,0.660349,0.708806,0.248060,0
899,1.666340e+01,7.474315e+01,1.245475e+03,1427,0.549212,0.801422,0.236831,0
900,1.504762e+01,7.736842e+01,1.164211e+03,1351,0.566182,0.789844,0.235764,0
901,1.645789e+01,7.316125e+01,1.204079e+03,1382,0.595486,0.766670,0.240027,0
902,1.674104e+01,7.279129e+01,1.218602e+03,1398,0.238571,0.948937,0.206404,0
903,1.451827e+01,8.427119e+01,1.223472e+03,1412,0.370078,0.902652,0.219686,0
904,1.452217e+01,8.230548e+01,1.195254e+03,1375,0.673228,0.697742,0.244788,0
905,1.574241e+01,7.955368e+01,1.252367e+03,1430,-0.744379,-0.621052,-0.245344,0
906,1.463124e+01,8.743233e+01,1.279244e+03,1477,0.608937,0.756770,0.237687,0
907,1.452949e+01,8.109736e+01,1.178303e+03,1351,-0.926065,-0.297743,-0.231846,0
908,1.513676e+01,8.238459e+01,1.247036e+03,1439,-0.964275,-0.166344,-0.206164,0
909,1.460935e+01,8.395720e+01,1.226560e+03,1400,-0.923294,0.365920,-0.116749,0
910,1.395818e+01,8.243317e+01,1.150617e+03,1337,-0.978872,-0.062904,-0.194558,0
911,1.599927e+01,8.035129e+01,1.285562e+03,1458,-0.882049,0.461589,-0.094477,0
912,1.190983e+01,9.822083e+01,1.169793e+03,1379,-0.969811,0.188924,-0.154189,0
913,1.612031e+01,7.546716e+01,1.216554e+03,1384,0.500228,0.834806,0.229937,0
914,1.368350e+01,9.435139e+01,1.291057e+03,1494,-0.962817,0.233975,-0.135048,0
915,1.399493e+01,8.679114e+01,1.214636e+03,1402,-0.958605,0.249958,-0.136373,0
916,1.854769e+01,6.764054e+01,1.254576e+03,1434,0.956970,-0.256192,0.136287,0
917,1.506849e+01,8.045540e+01,1.212342e+03,1404,-0.851147,0.521064,-0.063565,0
918,1.355125e+01,8.822814e+01,1.195602e+03,1385,-0.868161,0.489775,-0.080104,0
919,1.540867e+01,7.801272e+01,1.202073e+03,1373,-0.779136,0.625717,-0.037740,0
920,1.534025e+01,7.842491e+01,1.203058e+03,1385,-0.931991,0.349688,-0.095449,0
921,1.400576e+01,8.492332e+01,1.189415e+03,1398,-0.763407,0.645013,-0.034158,0
922,1.587578e+01,7.145331e+01,1.134377e+03,1317,-0.821389,0.568335,-0.048125,0
923,1.357163e+01,8.284735e+01,1.124374e+03,1327,0.929432,-0.353482,0.105857,0
924,1.459803e+01,7.741028e+01,1.130037e+03,1313,-0.735158,0.677583,-0.020610,0
925,1.304561e+01,8.087796e+01,1.055102e+03,1252,-0.816313,0.575387,-0.050622,0
926,1.255312e+01,8.734491e+01,1.096451e+03,1312,0.773628,-0.633086,0.026494,0
927,1.381997e+01,7.711854e+01,1.065776e+03,1270,0.846330,-0.529653,0.056514,0
928,1.404844e+01,7.559473e+01,1.061988e+03,1253,0.907522,-0.409880,0.091659,0
929,1.364378e+01,7.803965e+01,1.064756e+03,1261,0.912003,-0.394202,0.113384,0
930,1.372754e+01,7.844766e+01,1.076894e+03,1280,0.919506,-0.381748,0.093689,0
931,1.191804e+01,8.718468e+01,1.039070e+03,1259,0.796808,-0.601766,0.054547,0
932,1.323381e+01,7.568497e+01,1.001601e+03,1217,0.762372,-0.646821,0.020269,0
933,1.235972e+01,8.387212e+01,1.036636e+03,1269,0.854400,-0.514786,0.070685,0
934,1.065342e+01,9.077242e+01,9.670370e+02,1204,0.763532,-0.645373,0.022658,0
935,1.307908e+01,7.375076e+01,9.645921e+02,1194,0.854382,-0.515477,0.065694,0
936,1.223128e+01,7.985496e+01,9.767286e+02,1206,0.819392,-0.570867,0.052026,0
937,1.090152e+01,8.668716e+01,9.450217e+02,1183,0.839023,-0.540247,0.064612,0
938,1.100133e+01,8.873321e+01,9.761835e+02,1229,0.813703,-0.578620,0.055550,0
939,1.047276e+01,9.564269e+01,1.001643e+03,1287,0.846502,-0.527501,0.071952,0
940,1.256359e+01,8.195644e+01,1.029667e+03,1279,0.770215,-0.637173,0.027920,0
941,1.210015e+01,7.848912e+01,9.497303e+02,1193,0.803688,-0.593161,0.047391,0
942,1.277453e+01,8.259873e+01,1.055160e+03,1318,0.789123,-0.612584,0.045018,0
943,1.169981e+01,8.726503e+01,1.020984e+03,1272,0.798003,-0.600970,0.045000,0
944,1.144635e+01,8.141600e+01,9.319160e+02,1169,0.875446,-0.475417,0.087022,0
945,1.163266e+01,8.852611e+01,1.029794e+03,1287,0.819986,-0.569982,0.052375,0
946,1.225157e+01,8.613480e+01,1.055286e+03,1298,0.811248,-0.582422,0.051582,0
947,1.213040e+01,8.635265e+01,1.047492e+03,1305,0.744163,-0.667734,0.018763,0
948,1.237761e+01,8.480037e+01,1.049626e+03,1299,0.806871,-0.588065,0.056031,0
949,1.134800e+01,9.676173e+01,1.098052e+03,1368,0.864009,-0.495382,0.089917,0
950,1.031284e+01,1.051492e+02,1.084386e+03,1374,0.866483,-0.491217,0.088955,0
951,1.220282e+01,8.875796e+01,1.083097e+03,1353,0.792896,-0.607116,0.052216,0
952,1.144900e+01,9.566261e+01,1.095242e+03,1360,0.756863,-0.652459,0.038143,0
953,1.020848e+01,1.121415e+02,1.144794e+03,1445,-0.737383,0.674412,-0.037871,0
954,1.171652e+01,9.523880e+01,1.115867e+03,1355,-0.746577,0.663469,-0.049309,0
955,1.324261e+01,8.953386e+01,1.185662e+03,1437,-0.741118,0.670128,-0.040897,0
956,1.464133e+01,7.477577e+01,1.094817e+03,1325,0.698082,-0.715061,0.037011,0
957,1.477301e+01,8.387651e+01,1.239109e+03,1477,-0.724951,0.687720,-0.038571,0
958,1.201804e+01,9.770699e+01,1.174247e+03,1419,-0.586651,0.809804,0.007685,0
959,1.191511e+01,1.001910e+02,1.193787e+03,1442,0.683166,-0.729606,0.030982,0
960,1.258698e+01,9.890434e+01,1.244906e+03,1490,-0.710730,0.702368,-0.039254,0
961,1.400370e+01,9.191627e+01,1.287168e+03,1503,-0.661483,0.749648,-0.021633,0
962,1.607436e+01,8.046099e+01,1.293359e+03,1497,-0.358134,0.929712,0.085883,0
963,1.639596e+01,7.888975e+01,1.293474e+03,1510,-0.333756,0.938822,0.084969,0
964,1.397822e+01,9.202196e+01,1.286304e+03,1527,-0.366708,0.927040,0.078244,0
965,1.184640e+01,1.027011e+02,1.216639e+03,1465,-0.251847,0.960772,0.116148,0
966,1.496054e+01,8.657817e+01,1.295256e+03,1529,-0.396241,0.915813,0.065421,0
967,1.520930e+01,8.344683e+01,1.269168e+03,1485,-0.219666,0.968392,0.118168,0
968,1.691303e+01,7.360177e+01,1.244829e+03,1472,-0.138180,0.980264,0.141384,0
969,1.756642e+01,7.160404e+01,1.257826e+03,1471,-0.056060,0.985227,0.161818,0
970,1.696379e+01,7.381215e+01,1.252134e+03,1486,-0.147125,0.978542,0.144254,0
971,1.704503e+01,7.323885e+01,1.248358e+03,1488,-0.075118,0.983949,0.161872,0
972,1.490000e+01,8.377335e+01,1.248223e+03,1506,-0.193114,0.973285,0.124189,0
973,1.608795e+01,7.615575e+01,1.225190e+03,1446,-0.106631,0.983581,0.145596,0
974,1.519283e+01,7.836599e+01,1.190601e+03,1441,-0.016778,0.985742,0.167424,0
975,1.592195e+01,6.871930e+01,1.094145e+03,1338,-0.073055,0.983703,0.164289,0
976,1.578150e+01,7.317419e+01,1.154798e+03,1399,-0.069549,0.985238,0.156424,0
977,1.552452e+01,7.270428e+01,1.128699e+03,1358,-0.044801,0.986801,0.155615,0
978,1.447263e+01,7.916772e+01,1.145765e+03,1413,-0.039056,0.986856,0.156810,0
979,1.746249e+01,6.527155e+01,1.139804e+03,1368,-0.172100,0.977527,0.121746,0
980,1.359458e+01,8.186806e+01,1.112962e+03,1355,-0.010593,0.987176,0.159284,0
981,1.651639e+01,7.120854e+01,1.176108e+03,1395,-0.061314,0.987260,0.146825,0
982,1.360001e+01,8.072680e+01,1.097886e+03,1342,-0.073793,0.987866,0.136657,0
983,1.514436e+01,7.193804e+01,1.089456e+03,1310,0.020325,0.986457,0.162758,0
984,1.500819e+01,7.165730e+01,1.075446e+03,1270,-0.272622,0.958509,0.083292,0
985,1.313786e+01,8.416534e+01,1.105752e+03,1334,-0.025089,0.987966,0.152620,0
986,1.461847e+01,7.177045e+01,1.049174e+03,1250,-0.073273,0.987097,0.142378,0
987,1.357661e+01,7.559572e+01,1.026333e+03,1241,0.057580,0.982672,0.176184,0
988,1.363743e+01,7.594225e+01,1.035657e+03,1243,0.067444,0.982060,0.176097,0
989,1.367626e+01,7.480040e+01,1.022989e+03,1243,0.058047,0.983896,0.169056,0
990,1.282877e+01,7.724835e+01,9.910014e+02,1184,0.074715,0.982431,0.171017,0
991,9.408698e+00,1.028461e+02,9.676481e+02,1237,0.088882,0.979244,0.182155,0
992,1.058549e+01,8.785662e+01,9.300051e+02,1156,0.154951,0.968427,0.195294,0
993,1.051335e+01,9.332525e+01,9.811610e+02,1225,0.112542,0.978916,0.170464,0
994,8.528834e+00,1.042503e+02,8.891333e+02,1142,0.055795,0.984689,0.165148,0
995,9.850704e+00,9.505420e+01,9.363508e+02,1184,0.140118,0.970868,0.194378,0
996,8.859537e+00,1.021085e+02,9.046342e+02,1161,0.067401,0.984670,0.160882,0
997,9.722988e+00,9.171507e+01,8.917445e+02,1149,0.045670,0.986217,0.159031,0
998,9.002780e+00,9.379258e+01,8.443940e+02,1090,0.049299,0.986660,0.155153,0
999,9.933110e+00,8.751961e+01,8.693418e+02,1110,0.063133,0.983822,0.167657,0
1000,1.016131e+01,8.802360e+01,8.944350e+02,1125,0.242104,0.951514,0.189753,0
1001,8.209299e+00,1.134747e+02,9.315477e+02,1207,0.110456,0.979597,0.167896,0
1002,1.015410e+01,8.805761e+01,8.941456e+02,1128,-0.019599,0.989649,0.142166,0
1003,9.640300e+00,1.004128e+02,9.680096e+02,1218,-0.024092,0.989023,0.145783,0
1004,1.053276e+01,8.613644e+01,9.072541e+02,1130,-0.020977,0.988453,0.150066,0
1005,1.028155e+01,8.818780e+01,9.067073e+02,1141,0.140957,0.976433,0.163434,0
1006,9.796836e+00,9.763742e+01,9.565378e+02,1212,-0.189415,0.975887,0.108476,0
1007,8.938114e+00,9.927241e+01,8.873082e+02,1132,-0.141018,0.981180,0.131904,0
1008,1.059251e+01,8.655517e+01,9.168364e+02,1133,-0.242668,0.964712,0.102188,0
1009,9.632108e+00,9.818978e+01,9.457746e+02,1172,-0.257184,0.961868,0.093098,0
1010,9.483456e+00,1.025909e+02,9.729160e+02,1228,-0.128698,0.983381,0.128056,0
1011,1.007452e+01,9.595159e+01,9.666667e+02,1206,-0.098486,0.987471,0.123295,0
1012,1.001716e+01,9.165386e+01,9.181118e+02,1141,-0.073733,0.988743,0.130193,0
1013,1.037489e+01,9.526297e+01,9.883429e+02,1217,-0.206689,0.973680,0.096058,0
1014,8.443589e+00,1.114825e+02,9.413124e+02,1208,-0.059359,0.990683,0.122569,0
1015,1.048333e+01,9.273892e+01,9.722124e+02,1188,-0.174907,0.979450,0.100426,0
1016,8.953949e+00,1.072387e+02,9.602103e+02,1215,-0.360002,0.930108,0.072783,0
1017,9.461758e+00,1.002794e+02,9.488195e+02,1196,-0.273161,0.959089,0.074377,0
1018,1.137883e+01,8.453064e+01,9.618595e+02,1167,-0.082956,0.989320,0.119852,0
1019,8.206236e+00,1.173882e+02,9.633154e+02,1217,-0.294843,0.952367,0.077881,0
1020,1.009918e+01,1.027792e+02,1.037986e+03,1271,-0.229179,0.969117,0.091044,0
1021,8.599248e+00,1.152163e+02,9.907733e+02,1233,-0.467685,0.882453,0.050471,0
1022,8.723210e+00,1.185561e+02,1.034190e+03,1286,-0.237198,0.968277,0.078594,0
1023,9.962356e+00,1.036169e+02,1.032269e+03,1268,0.006417,0.992821,0.119436,0
1024,1.063267e+01,9.638701e+01,1.024851e+03,1252,-0.289131,0.953874,0.080795,0
1025,9.175075e+00,1.117182e+02,1.025023e+03,1271,-0.280992,0.956405,0.079583,0
1026,9.148013e+00,1.063669e+02,9.730455e+02,1210,-0.570031,0.821479,0.015390,0
1027,9.390799e+00,1.039780e+02,9.764363e+02,1207,-0.586196,0.810169,0.000127,0
1028,7.799633e+00,1.194388e+02,9.315788e+02,1181,-0.774295,0.632574,-0.017801,0
1029,8.994588e+00,1.109110e+02,9.975984e+02,1249,-0.094021,0.988789,0.116004,0
1030,7.908469e+00,1.202746e+02,9.511883e+02,1203,-0.250752,0.964105,0.087324,0
1031,8.826846e+00,1.054069e+02,9.304103e+02,1154,-0.250362,0.965870,0.066434,0
1032,8.237837e+00,1.125314e+02,9.270152e+02,1154,-0.913442,0.402763,-0.058364,0
1033,7.139666e+00,1.235776e+02,8.823025e+02,1136,-0.176492,0.980049,0.091402,0
1034,7.435785e+00,1.211215e+02,9.006333e+02,1151,0.956802,-0.285218,0.056402,0
1035,7.682939e+00,1.133732e+02,8.710392e+02,1101,-0.702484,0.711572,0.013466,0
1036,7.362990e+00,1.190132e+02,8.762928e+02,1126,-0.451280,0.890928,0.050936,0
1037,8.502466e+00,1.092483e+02,9.288800e+02,1172,-0.248284,0.965327,0.080618,0
1038,8.846474e+00,1.025609e+02,9.073022e+02,1133,-0.046709,0.994030,0.098600,0
1039,8.331055e+00,1.098179e+02,9.148992e+02,1148,0.168861,0.978187,0.120984,0
1040,8.888982e+00,1.040859e+02,9.252180e+02,1147,0.764730,-0.644350,-0.000884,0
1041,8.215478e+00,1.112785e+02,9.142060e+02,1147,-0.076602,0.990419,0.114898,0
1042,9.151253e+00,1.026340e+02,9.392299e+02,1154,0.986039,0.117899,0.117586,0
1043,8.743097e+00,1.020688e+02,8.923973e+02,1099,-0.990377,0.114409,-0.077877,0
1044,8.531801e+00,1.059021e+02,9.035359e+02,1124,0.979781,-0.186749,0.071796,0
1045,8.043426e+00,1.127754e+02,9.071007e+02,1148,0.995759,-0.024835,0.088582,0
1046,9.414113e+00,9.216978e+01,8.676968e+02,1072,0.988828,-0.122994,0.084217,0
1047,8.155540e+00,1.099742e+02,8.968993e+02,1127,0.629516,0.762958,0.146986,0
1048,8.797726e+00,1.022657e+02,8.997054e+02,1116,0.956205,0.260038,0.134362,0
1049,9.971966e+00,9.289737e+01,9.263694e+02,1138,0.977154,0.177606,0.116734,0
1050,7.724970e+00,1.065245e+02,8.228988e+02,1047,0.956339,-0.283953,0.069179,0
1051,8.027900e+00,1.122308e+02,9.009774e+02,1157,0.994623,0.014520,0.102543,0
1052,8.311443e+00,1.042037e+02,8.660828e+02,1108,0.966681,0.210746,0.145309,0
1053,7.992583e+00,1.159353e+02,9.266228e+02,1179,0.989124,-0.123816,0.079394,0
1054,7.987927e+00,1.053710e+02,8.416957e+02,1077,0.950858,-0.302603,0.065577,0
1055,9.619848e+00,9.697907e+01,9.329240e+02,1164,0.958319,-0.279132,0.060913,0
1056,7.872403e+00,1.065121e+02,8.385061e+02,1071,0.979562,-0.185065,0.078795,0
1057,7.907005e+00,1.056907e+02,8.356967e+02,1084,0.975128,-0.216458,0.047653,0
1058,9.255968e+00,9.527834e+01,8.818933e+02,1122,0.973155,-0.215379,0.081128,0
1059,9.598674e+00,9.250603e+01,8.879352e+02,1115,0.917488,-0.395695,0.040518,0
1060,8.563773e+00,9.932941e+01,8.506345e+02,1094,0.908307,-0.416622,0.037475,0
1061,9.273532e+00,9.779415e+01,9.068971e+02,1166,0.949910,-0.308391,0.050653,0
1062,8.997086e+00,1.033588e+02,9.299276e+02,1198,0.892973,-0.448103,0.042464,0
1063,1.138813e+01,8.298605e+01,9.450555e+02,1167,0.914002,-0.402516,0.050816,0
1064,1.145513e+01,8.136137e+01,9.320047e+02,1149,0.929995,-0.359633,0.075985,0
1065,9.216809e+00,1.038325e+02,9.570040e+02,1247,0.875445,-0.481631,0.040337,0
1066,1.047951e+01,9.049922e+01,9.483873e+02,1208,0.877363,-0.478478,0.035968,0
1067,1.177768e+01,8.367985e+01,9.855548e+02,1234,0.850059,-0.525799,0.030576,0
1068,1.092128e+01,8.776317e+01,9.584857e+02,1222,0.873224,-0.485762,0.038920,0
1069,1.158317e+01,8.836340e+01,1.023529e+03,1282,0.864331,-0.501856,0.032762,0
1070,1.293646e+01,7.791976e+01,1.008006e+03,1246,0.865524,-0.499386,0.038482,0
1071,1.403337e+01,7.731627e+01,1.085008e+03,1319,0.876220,-0.478810,0.054583,0
1072,1.342245e+01,8.058047e+01,1.081587e+03,1301,0.855589,-0.516450,0.035306,0
1073,1.556171e+01,6.991770e+01,1.088039e+03,1307,0.903911,-0.423512,0.059860,0
1074,1.660632e+01,6.855413e+01,1.138432e+03,1362,0.889840,-0.452854,0.055745,0
1075,1.779807e+01,6.237307e+01,1.110120e+03,1329,0.915074,-0.398531,0.061752,0
1076,2.434459e+01,4.742304e+01,1.154494e+03,1360,0.867443,-0.495474,0.045251,0
1077,1.961415e+01,5.866836e+01,1.150730e+03,1363,0.919764,-0.385400,0.074176,0
1078,1.923934e+01,6.082337e+01,1.170202e+03,1408,0.881374,-0.469338,0.053865,0
1079,2.033965e+01,5.474531e+01,1.113500e+03,1338,0.866143,-0.497498,0.047884,0
1080,1.984702e+01,5.989776e+01,1.188792e+03,1425,0.886652,-0.460707,0.039957,0
1081,1.632284e+01,6.978487e+01,1.139087e+03,1385,0.880271,-0.471956,0.048801,0
1082,1.703931e+01,6.516706e+01,1.110402e+03,1338,0.897257,-0.439196,0.045125,0
1083,1.806532e+01,6.310046e+01,1.139930e+03,1380,0.857922,-0.512777,0.032083,0
1084,1.520034e+01,7.198389e+01,1.094180e+03,1352,0.867368,-0.496003,0.040674,0
1085,1.468699e+01,7.193910e+01,1.056569e+03,1286,0.860453,-0.507984,0.039659,0
1086,1.424365e+01,7.671876e+01,1.092755e+03,1330,0.890388,-0.452036,0.053592,0
1087,1.302840e+01,7.978369e+01,1.039454e+03,1284,0.874502,-0.484072,0.030347,0
1088,1.204965e+01,8.521064e+01,1.026758e+03,1273,0.897665,-0.438234,0.046357,0
1089,1.487348e+01,7.034769e+01,1.046315e+03,1265,0.860419,-0.507615,0.044786,0
1090,1.427843e+01,7.626083e+01,1.088885e+03,1333,0.893729,-0.444142,0.063144,0
1091,1.384246e+01,7.669429e+01,1.061637e+03,1308,0.893929,-0.444692,0.056029,0
1092,1.466642e+01,6.945943e+01,1.018721e+03,1258,0.889036,-0.454296,0.056826,0
1093,1.263348e+01,8.108348e+01,1.024367e+03,1297,0.886357,-0.458966,0.061006,0
1094,1.228060e+01,8.595342e+01,1.055560e+03,1324,0.892164,-0.448252,0.055798,0
1095,1.291313e+01,7.930722e+01,1.024104e+03,1293,0.861283,-0.504490,0.060672,0
1096,1.327920e+01,7.929290e+01,1.052946e+03,1307,0.859371,-0.508104,0.057543,0
1097,1.219449e+01,8.538421e+01,1.041217e+03,1319,0.868788,-0.489485,0.074910,0
1098,1.187128e+01,9.076070e+01,1.077446e+03,1350,0.857960,-0.509440,0.066153,0
1099,1.108654e+01,9.131669e+01,1.012386e+03,1297,0.878884,-0.472231,0.067527,0
1100,1.202784e+01,8.663884e+01,1.042078e+03,1321,0.897773,-0.431685,0.087477,0
